farm,date,house,age,expected_mortality,expected_stock,expected_mortality_rate,avg_weight,farm_house_key,total_allocated_stock,ready_Market,unharvested_reason
W03,2025-05-15,H09,35,23,23351.0,0.000782153,1.851128127,W03H09,6055.0,1.0,Exceeded Capacity & not optimal Average Weight
W03,2025-05-17,H09,37,130,23221.0,0.004440497,1.965421315,W03H09,6055.0,1.0,Exceeded Capacity & not optimal Average Weight
W03,2025-05-18,H09,38,73,23148.0,0.002499743,2.02256791,W03H09,6055.0,1.0,Exceeded Capacity & not optimal Average Weight
W03,2025-05-13,H11,33,312,21510.0,0.010781299,1.815557574,W03H11,7429.0,1.0,Exceeded Capacity & not optimal Average Weight
W03,2025-05-14,H11,34,480,21030.0,0.016866369,1.882682262,W03H11,7429.0,1.0,Exceeded Capacity & not optimal Average Weight
W03,2025-05-15,H11,35,400,20630.0,0.014255676,1.94980695,W03H11,7429.0,1.0,Exceeded Capacity & not optimal Average Weight
W03,2025-05-17,H11,37,177,20342.0,0.006373555,2.002240189,W03H11,7429.0,1.0,Exceeded Capacity & not optimal Average Weight
W03,2025-05-18,H11,38,70,20272.0,0.002526985,2.060883863,W03H11,7429.0,1.0,Exceeded Capacity & not optimal Average Weight
W04,2025-05-06,H09,31,36,4608.0,0.001218852,1.856064972,W04H09,5966.0,1.0,Exceeded Capacity & not optimal Average Weight
W04,2025-05-07,H09,32,40,4568.0,0.001356116,1.932070431,W04H09,5966.0,1.0,Exceeded Capacity & not optimal Average Weight
W04,2025-05-08,H09,33,36,4532.0,0.001221996,2.008075889,W04H09,5966.0,1.0,Exceeded Capacity & not optimal Average Weight
W04,2025-05-10,H09,35,36,4467.0,0.001224698,2.160086807,W04H09,5966.0,1.0,Exceeded Capacity & not optimal Average Weight
W04,2025-05-11,H09,36,41,4426.0,0.001396743,2.236092266,W04H09,5966.0,1.0,Exceeded Capacity & not optimal Average Weight
W08,2025-05-12,H05,31,50,19525.0,0.001725923,1.830658618,W08H05,6007.0,1.0,Exceeded Capacity & not optimal Average Weight
W08,2025-05-13,H05,32,20,19505.0,0.000690846,1.910613011,W08H05,6007.0,1.0,Exceeded Capacity & not optimal Average Weight
W08,2025-05-14,H05,33,30,19475.0,0.001037344,1.990567404,W08H05,6007.0,1.0,Exceeded Capacity & not optimal Average Weight
W08,2025-05-15,H05,34,110,19365.0,0.003818119,2.070521797,W08H05,6007.0,1.0,Exceeded Capacity & not optimal Average Weight
W08,2025-05-17,H05,36,310,18829.0,0.010964137,2.264383562,W08H05,6007.0,1.0,Exceeded Capacity & not optimal Average Weight
W10,2025-05-05,H02,31,21,26855.0,0.000673142,1.88029582,W10H02,4342.0,1.0,Exceeded Capacity & not optimal Average Weight
W10,2025-05-06,H02,32,22,26833.0,0.000705694,1.96372776,W10H02,4342.0,1.0,Exceeded Capacity & not optimal Average Weight
W10,2025-05-07,H02,33,53,26780.0,0.001702975,2.0471597,W10H02,4342.0,1.0,Exceeded Capacity & not optimal Average Weight
W10,2025-05-08,H02,34,57,26723.0,0.001834862,1.995955797,W10H02,4342.0,1.0,Exceeded Capacity & not optimal Average Weight
W10,2025-05-10,H02,36,0,26723.0,0.0,2.125007299,W10H02,4342.0,1.0,Exceeded Capacity & not optimal Average Weight
W12,2025-05-22,H07,36,20,22885.0,0.000678357,1.844777874,W12H07,6598.0,1.0,Exceeded Capacity & not optimal Average Weight
W12,2025-05-24,H07,38,5,22870.0,0.000169676,1.954243734,W12H07,6598.0,1.0,Exceeded Capacity & not optimal Average Weight
W12,2025-05-25,H07,39,5,22865.0,0.000169704,2.008976664,W12H07,6598.0,1.0,Exceeded Capacity & not optimal Average Weight
W12,2025-05-26,H07,40,0,22865.0,0.0,2.063709594,W12H07,6598.0,1.0,Exceeded Capacity & not optimal Average Weight
W17,2025-05-20,H03,30,41,24013.0,0.001296402,1.818790052,W17H03,7613.0,1.0,Exceeded Capacity & not optimal Average Weight
W17,2025-05-21,H03,31,66,23947.0,0.002091255,1.925251338,W17H03,7613.0,1.0,Exceeded Capacity & not optimal Average Weight
W17,2025-05-22,H03,32,55,23892.0,0.001745755,2.031712623,W17H03,7613.0,1.0,Exceeded Capacity & not optimal Average Weight
W17,2025-05-24,H03,34,55,23783.0,0.001751816,2.244635193,W17H03,7613.0,1.0,Exceeded Capacity & not optimal Average Weight
W17,2025-05-20,H04,31,125,22553.0,0.00418326,1.816206584,W17H04,7328.0,1.0,Exceeded Capacity & not optimal Average Weight
W17,2025-05-21,H04,32,445,22108.0,0.015117543,1.880358373,W17H04,7328.0,1.0,Exceeded Capacity & not optimal Average Weight
W17,2025-05-22,H04,33,160,21948.0,0.005465227,1.944510162,W17H04,7328.0,1.0,Exceeded Capacity & not optimal Average Weight
W17,2025-05-24,H04,35,145,21698.0,0.004995521,2.07281374,W17H04,7328.0,1.0,Exceeded Capacity & not optimal Average Weight
W17,2025-05-25,H04,36,71,21627.0,0.002452081,2.136965529,W17H04,7328.0,1.0,Exceeded Capacity & not optimal Average Weight
W17,2025-05-26,H04,37,15,21612.0,0.000518314,2.201117318,W17H04,7328.0,1.0,Exceeded Capacity & not optimal Average Weight
W17,2025-05-22,H06,32,125,25341.0,0.003965862,1.810299722,W17H06,6178.0,1.0,Exceeded Capacity & not optimal Average Weight
W17,2025-05-24,H06,34,60,25216.0,0.001911193,1.921969307,W17H06,6178.0,1.0,Exceeded Capacity & not optimal Average Weight
W17,2025-05-25,H06,35,73,25143.0,0.002330705,1.977804099,W17H06,6178.0,1.0,Exceeded Capacity & not optimal Average Weight
W17,2025-05-26,H06,36,38,25105.0,0.001214717,2.033638892,W17H06,6178.0,1.0,Exceeded Capacity & not optimal Average Weight
W17,2025-05-21,H07,31,54,17348.0,0.002356432,1.845230483,W17H07,5568.0,1.0,Exceeded Capacity & not optimal Average Weight
W17,2025-05-22,H07,32,65,17283.0,0.002844514,1.921973978,W17H07,5568.0,1.0,Exceeded Capacity & not optimal Average Weight
W17,2025-05-24,H07,34,88,17128.0,0.003877335,2.075460967,W17H07,5568.0,1.0,Exceeded Capacity & not optimal Average Weight
W17,2025-05-25,H07,35,76,17052.0,0.003359859,2.152204461,W17H07,5568.0,1.0,Exceeded Capacity & not optimal Average Weight
W17,2025-05-26,H07,36,88,16964.0,0.003905557,2.228947955,W17H07,5568.0,1.0,Exceeded Capacity & not optimal Average Weight
W17,2025-05-24,H08,33,42,27975.0,0.001351612,1.907284027,W17H08,3099.0,1.0,Exceeded Capacity & not optimal Average Weight
W17,2025-05-25,H08,34,67,27908.0,0.002160802,2.0085,W17H08,3099.0,1.0,Exceeded Capacity & not optimal Average Weight
W17,2025-05-26,H08,35,68,27840.0,0.002197873,1.881388135,W17H08,3099.0,1.0,Exceeded Capacity & not optimal Average Weight
W17,2025-05-24,H10,33,92,27622.0,0.002995474,1.839215686,W17H10,3091.0,1.0,Exceeded Capacity & not optimal Average Weight
W17,2025-05-26,H10,35,10,27597.0,0.00032586,1.850592357,W17H10,3091.0,1.0,Exceeded Capacity & not optimal Average Weight
W17,2025-05-21,H11,31,103,205.0,0.004711156,1.841632132,W17H11,21658.0,1.0,Exceeded Capacity & not optimal Average Weight
W17,2025-05-22,H12,31,90,25312.0,0.002859049,1.84028781,W17H12,6167.0,1.0,Exceeded Capacity & not optimal Average Weight
W17,2025-05-24,H12,33,117,25085.0,0.00374376,2.012082469,W17H12,6167.0,1.0,Exceeded Capacity & not optimal Average Weight
W17,2025-05-25,H12,34,105,24980.0,0.003371111,2.097979798,W17H12,6167.0,1.0,Exceeded Capacity & not optimal Average Weight
W17,2025-05-26,H12,35,100,24880.0,0.003220923,2.232596456,W17H12,6167.0,1.0,Exceeded Capacity & not optimal Average Weight
W20,2025-05-24,H01,31,55,19254.0,0.002496029,1.860829042,W20H01,2781.0,1.0,Exceeded Capacity & not optimal Average Weight
W20,2025-05-25,H01,32,57,19197.0,0.002593503,1.937772056,W20H01,2781.0,1.0,Exceeded Capacity & not optimal Average Weight
W20,2025-05-26,H01,33,60,19137.0,0.002737476,2.01471507,W20H01,2781.0,1.0,Exceeded Capacity & not optimal Average Weight
W20,2025-05-24,H02,31,58,27065.0,0.001924928,1.865782487,W20H02,3066.0,1.0,Exceeded Capacity & not optimal Average Weight
W20,2025-05-25,H02,32,60,27005.0,0.001995278,1.957709983,W20H02,3066.0,1.0,Exceeded Capacity & not optimal Average Weight
W20,2025-05-26,H02,33,65,26940.0,0.002166233,2.049637479,W20H02,3066.0,1.0,Exceeded Capacity & not optimal Average Weight
W20,2025-05-26,H03,33,35,21950.0,0.001594533,1.830174516,W20H03,0.0,1.0,Exceeded Capacity & not optimal Average Weight
W20,2025-05-24,H04,31,91,27119.0,0.003014243,1.876470588,W20H04,3071.0,1.0,Exceeded Capacity & not optimal Average Weight
W20,2025-05-25,H04,32,100,27019.0,0.003323363,1.812574836,W20H04,3071.0,1.0,Exceeded Capacity & not optimal Average Weight
W20,2025-05-26,H04,33,110,26909.0,0.003669113,1.875085707,W20H04,3071.0,1.0,Exceeded Capacity & not optimal Average Weight
W20,2025-05-24,H05,31,75,11900.0,0.003457177,1.896345679,W20H05,9794.0,1.0,Exceeded Capacity & not optimal Average Weight
W20,2025-05-25,H05,32,60,11840.0,0.002773412,1.994469136,W20H05,9794.0,1.0,Exceeded Capacity & not optimal Average Weight
W20,2025-05-26,H05,33,65,11775.0,0.003013584,2.092592593,W20H05,9794.0,1.0,Exceeded Capacity & not optimal Average Weight
W20,2025-05-24,H06,31,86,27128.0,0.002847871,1.873895125,W20H06,3070.0,1.0,Exceeded Capacity & not optimal Average Weight
W20,2025-05-25,H06,32,75,27053.0,0.002489792,1.968526834,W20H06,3070.0,1.0,Exceeded Capacity & not optimal Average Weight
W20,2025-05-26,H06,33,80,26973.0,0.00266285,2.063158542,W20H06,3070.0,1.0,Exceeded Capacity & not optimal Average Weight
W20,2025-05-24,H07,31,89,27333.0,0.002926669,1.847559967,W20H07,3077.0,1.0,Exceeded Capacity & not optimal Average Weight
W20,2025-05-25,H07,32,90,27243.0,0.002968338,1.930079956,W20H07,3077.0,1.0,Exceeded Capacity & not optimal Average Weight
W20,2025-05-26,H07,33,85,27158.0,0.002811311,2.012599945,W20H07,3077.0,1.0,Exceeded Capacity & not optimal Average Weight
W20,2025-05-24,H09,31,104,24743.0,0.003750316,1.9,W20H09,2988.0,1.0,Exceeded Capacity & not optimal Average Weight
W20,2025-05-25,H09,32,110,24633.0,0.003982477,1.971676301,W20H09,2988.0,1.0,Exceeded Capacity & not optimal Average Weight
W20,2025-05-26,H09,33,100,24533.0,0.003633589,2.043352601,W20H09,2988.0,1.0,Exceeded Capacity & not optimal Average Weight
W20,2025-05-25,H11,32,80,24647.0,0.002895089,1.828571429,W20H11,2986.0,1.0,Exceeded Capacity & not optimal Average Weight
W20,2025-05-26,H11,33,70,24577.0,0.002539636,1.885714286,W20H11,2986.0,1.0,Exceeded Capacity & not optimal Average Weight
