farm,date,house,age,expected_mortality,expected_stock,expected_mortality_rate,avg_weight,farm_house_key
W03,2025-04-09,H01,1,38,31920,0.001190476,0.043,W03_H01
W03,2025-04-10,H01,2,34,31886,0.001066299,0.066666667,W03_H01
W03,2025-04-11,H01,3,35,31851,0.001098867,0.090333333,W03_H01
W03,2025-04-12,H01,4,42,31809,0.001320381,0.114,W03_H01
W03,2025-04-13,H01,5,38,31771,0.001196059,0.137666667,W03_H01
W03,2025-04-14,H01,6,39,31732,0.001229043,0.161333333,W03_H01
W03,2025-04-15,H01,7,37,31695,0.001167377,0.185,W03_H01
W03,2025-04-16,H01,8,38,31657,0.001200366,0.227142857,W03_H01
W03,2025-04-17,H01,9,35,31622,0.001106824,0.269285714,W03_H01
W03,2025-04-18,H01,10,28,31594,0.000886244,0.311428571,W03_H01
W03,2025-04-19,H01,11,97,31497,0.003079658,0.353571429,W03_H01
W03,2025-04-20,H01,12,28,31469,0.000889765,0.395714286,W03_H01
W03,2025-04-21,H01,13,30,31439,0.000954229,0.437857143,W03_H01
W03,2025-04-22,H01,14,28,31411,0.000891407,0.48,W03_H01
W03,2025-04-23,H01,15,29,31382,0.000924097,0.548571429,W03_H01
W03,2025-04-24,H01,16,24,31358,0.000765355,0.617142857,W03_H01
W03,2025-04-25,H01,17,26,31332,0.000829823,0.685714286,W03_H01
W03,2025-04-26,H01,18,28,31304,0.000894454,0.754285714,W03_H01
W03,2025-04-27,H01,19,27,31277,0.000863254,0.822857143,W03_H01
W03,2025-04-28,H01,20,26,31251,0.000831973,0.891428571,W03_H01
W03,2025-04-29,H01,21,25,31226,0.000800615,0.96,W03_H01
W03,2025-04-30,H01,22,24,31202,0.000769181,1.037142857,W03_H01
W03,2025-05-01,H01,23,28,31174,0.000898184,1.114285714,W03_H01
W03,2025-05-02,H01,24,24,31150,0.000770465,1.191428571,W03_H01
W03,2025-05-03,H01,25,28,31122,0.000899685,1.268571429,W03_H01
W03,2025-05-04,H01,26,26,31096,0.00083612,1.345714286,W03_H01
W03,2025-05-05,H01,27,28,31068,0.000901249,1.422857143,W03_H01
W03,2025-05-06,H01,28,26,31042,0.000837575,1.5,W03_H01
W03,2025-05-07,H01,29,24,31018,0.000773744,1.594520548,W03_H01
W03,2025-05-08,H01,30,47,30971,0.001517549,1.678061426,W03_H01
W03,2025-05-09,H01,31,42,30929,0.001357949,1.761602304,W03_H01
W03,2025-05-10,H01,32,44,30885,0.00142464,1.845143183,W03_H01
W03,2025-05-11,H01,33,28,30857,0.000907412,1.928684061,W03_H01
W03,2025-05-12,H01,34,29,30828,0.000940703,2.012224939,W03_H01
W03,2025-05-13,H01,35,27,30801,0.000876595,2.121476637,W03_H01
W03,2025-05-14,H01,36,54,30747,0.001756269,2.230728336,W03_H01
W03,2025-05-15,H01,37,135,30612,0.004410035,2.135307034,W03_H01
W03,2025-05-16,H01,38,210,30402,0.00690744,2.199410069,W03_H01
W03,2025-05-17,H01,39,70,30332,0.002307794,2.263513105,W03_H01
W03,2025-05-18,H01,40,50,30282,0.001651146,2.32761614,W03_H01
W03,2025-05-10,H02,31,45,27236,0.001510726,1.787096774,W03_H02
W03,2025-05-11,H02,32,30,27206,0.001008166,1.882795699,W03_H02
W03,2025-05-12,H02,33,30,27176,0.001009184,1.978494624,W03_H02
W03,2025-05-13,H02,34,29,27147,0.000976497,2.080106809,W03_H02
W03,2025-05-14,H02,35,55,27092,0.001855413,2.216457961,W03_H02
W03,2025-05-15,H02,36,73,27019,0.002468718,2.139132469,W03_H02
W03,2025-05-16,H02,37,113,26906,0.0038361,2.205402038,W03_H02
W03,2025-05-17,H02,38,0,26906,0.0,2.271671606,W03_H02
W03,2025-05-18,H02,39,0,26906,0.0,2.337941174,W03_H02
W03,2025-05-10,H03,31,62,27570,0.002056112,1.760714286,W03_H03
W03,2025-05-11,H03,32,44,27526,0.001461309,1.844285714,W03_H03
W03,2025-05-12,H03,33,50,27476,0.00166334,1.927857143,W03_H03
W03,2025-05-13,H03,34,95,27381,0.003170365,2.011428571,W03_H03
W03,2025-05-14,H03,35,270,27111,0.00909244,2.095,W03_H03
W03,2025-05-15,H03,36,314,26797,0.010687179,2.178571429,W03_H03
W03,2025-05-16,H03,37,410,26387,0.014152083,2.095986138,W03_H03
W03,2025-05-17,H03,38,357,26030,0.01247641,2.157997838,W03_H03
W03,2025-05-18,H03,39,120,25910,0.004211413,2.220009537,W03_H03
W03,2025-05-10,H04,31,36,27491,0.001197406,1.77350838,W03_H04
W03,2025-05-11,H04,32,26,27465,0.000865541,1.863011173,W03_H04
W03,2025-05-12,H04,33,28,27437,0.000932991,1.952513966,W03_H04
W03,2025-05-13,H04,34,27,27410,0.00090048,2.073951824,W03_H04
W03,2025-05-14,H04,35,61,27349,0.002038566,2.195389682,W03_H04
W03,2025-05-15,H04,36,63,27286,0.002109846,2.097303349,W03_H04
W03,2025-05-16,H04,37,85,27201,0.002854744,2.161880515,W03_H04
W03,2025-05-17,H04,38,73,27128,0.002457747,2.226457682,W03_H04
W03,2025-05-18,H04,39,44,27084,0.001483579,2.291034848,W03_H04
W03,2025-05-10,H05,30,48,26563,0.001652267,1.748947368,W03_H05
W03,2025-05-11,H05,31,29,26534,0.000999242,1.848421053,W03_H05
W03,2025-05-12,H05,32,36,26498,0.001241979,1.947894737,W03_H05
W03,2025-05-13,H05,33,33,26465,0.001139778,2.047368421,W03_H05
W03,2025-05-14,H05,34,57,26408,0.001972591,2.146842105,W03_H05
W03,2025-05-15,H05,35,55,26353,0.001907007,2.246315789,W03_H05
W03,2025-05-16,H05,36,93,26260,0.003235008,2.269315673,W03_H05
W03,2025-05-17,H05,37,213,26047,0.007464517,2.32347973,W03_H05
W03,2025-05-18,H05,38,105,25942,0.003693282,2.333559844,W03_H05
W03,2025-05-07,H06,29,61,23010,0.001993529,1.663154934,W03_H06
W03,2025-05-08,H06,30,42,22968,0.00137448,1.736309868,W03_H06
W03,2025-05-09,H06,31,44,22924,0.001442008,1.809464802,W03_H06
W03,2025-05-10,H06,32,45,22879,0.001476959,1.882619736,W03_H06
W03,2025-05-11,H06,33,31,22848,0.001018497,1.955774671,W03_H06
W03,2025-05-12,H06,34,33,22815,0.001085384,2.028929605,W03_H06
W03,2025-05-13,H06,35,31,22784,0.001020643,1.984955766,W03_H06
W03,2025-05-14,H06,36,23,22761,0.000757825,2.04710629,W03_H06
W03,2025-05-15,H06,37,20,22741,0.000659413,2.109256813,W03_H06
W03,2025-05-16,H06,38,21,22720,0.000692864,2.171407337,W03_H06
W03,2025-05-17,H06,39,31,22689,0.001023846,2.233557861,W03_H06
W03,2025-05-18,H06,40,21,22668,0.000694054,2.295708384,W03_H06
W03,2025-05-10,H07,30,42,25708,0.001493811,1.737003275,W03_H07
W03,2025-05-11,H07,31,35,25673,0.001246394,1.825504913,W03_H07
W03,2025-05-12,H07,32,35,25638,0.00124795,1.91400655,W03_H07
W03,2025-05-13,H07,33,32,25606,0.001142286,2.002508188,W03_H07
W03,2025-05-14,H07,34,51,25555,0.001823839,2.091009825,W03_H07
W03,2025-05-15,H07,35,48,25507,0.001719506,2.179511463,W03_H07
W03,2025-05-16,H07,36,99,25408,0.003559103,2.2680131,W03_H07
W03,2025-05-17,H07,37,235,25173,0.008520358,2.237288136,W03_H07
W03,2025-05-18,H07,38,100,25073,0.003638878,2.261339062,W03_H07
W03,2025-05-07,H08,29,55,23348,0.001771565,1.683880071,W03_H08
W03,2025-05-08,H08,30,38,23310,0.00122549,1.767760141,W03_H08
W03,2025-05-09,H08,31,34,23276,0.001097695,1.851640212,W03_H08
W03,2025-05-10,H08,32,36,23240,0.001163618,1.935520282,W03_H08
W03,2025-05-11,H08,33,24,23216,0.000776347,2.019400353,W03_H08
W03,2025-05-12,H08,34,28,23188,0.00090656,1.95358592,W03_H08
W03,2025-05-13,H08,35,27,23161,0.000874947,2.016937072,W03_H08
W03,2025-05-14,H08,36,0,23161,0.0,2.080288223,W03_H08
W03,2025-05-15,H08,37,0,23161,0.0,2.143639375,W03_H08
W03,2025-05-16,H08,38,0,23161,0.0,2.206990526,W03_H08
W03,2025-05-17,H08,39,0,23161,0.0,2.270341678,W03_H08
W03,2025-05-18,H08,40,0,23161,0.0,2.33369283,W03_H08
W03,2025-05-10,H09,30,252,26954,0.008542952,1.565395157,W03_H09
W03,2025-05-11,H09,31,13,26941,0.000440902,1.622541751,W03_H09
W03,2025-05-12,H09,32,14,26927,0.000475043,1.679688345,W03_H09
W03,2025-05-13,H09,33,16,26911,0.000543201,1.736834939,W03_H09
W03,2025-05-14,H09,34,26,26885,0.000883482,1.793981533,W03_H09
W03,2025-05-15,H09,35,23,26862,0.000782153,1.851128127,W03_H09
W03,2025-05-16,H09,36,0,26862,0.0,1.908274721,W03_H09
W03,2025-05-17,H09,37,130,26732,0.004440497,1.965421315,W03_H09
W03,2025-05-18,H09,38,73,26659,0.002499743,2.02256791,W03_H09
W03,2025-05-07,H10,29,58,22309,0.0019551,1.685866667,W03_H10
W03,2025-05-08,H10,30,48,22261,0.001620636,1.766733333,W03_H10
W03,2025-05-09,H10,31,52,22209,0.001758777,1.8476,W03_H10
W03,2025-05-10,H10,32,68,22141,0.002305241,1.928466667,W03_H10
W03,2025-05-11,H10,33,50,22091,0.001697908,2.009333333,W03_H10
W03,2025-05-12,H10,34,53,22038,0.001803028,2.098214286,W03_H10
W03,2025-05-13,H10,35,93,21945,0.003173845,2.15954416,W03_H10
W03,2025-05-14,H10,36,265,21680,0.009126287,2.161007915,W03_H10
W03,2025-05-15,H10,37,333,21347,0.011601171,2.227251146,W03_H10
W03,2025-05-16,H10,38,295,21052,0.010384033,2.293494377,W03_H10
W03,2025-05-17,H10,39,179,20873,0.006340772,2.359737608,W03_H10
W03,2025-05-18,H10,40,85,20788,0.003020075,2.425980839,W03_H10
W03,2025-05-11,H11,31,180,21995,0.006110809,1.681308199,W03_H11
W03,2025-05-12,H11,32,205,21790,0.007008307,1.748432887,W03_H11
W03,2025-05-13,H11,33,312,21478,0.010781299,1.815557574,W03_H11
W03,2025-05-14,H11,34,480,20998,0.016866369,1.882682262,W03_H11
W03,2025-05-15,H11,35,400,20598,0.014255676,1.94980695,W03_H11
W03,2025-05-16,H11,36,111,20487,0.003971662,1.943596515,W03_H11
W03,2025-05-17,H11,37,177,20310,0.006373555,2.002240189,W03_H11
W03,2025-05-18,H11,38,70,20240,0.002526985,2.060883863,W03_H11
W03,2025-05-07,H12,29,150,22213,0.005073052,1.543343993,W03_H12
W03,2025-05-08,H12,30,31,22182,0.001049531,1.601678047,W03_H12
W03,2025-05-09,H12,31,35,22147,0.00118636,1.6600121,W03_H12
W03,2025-05-10,H12,32,40,22107,0.001357681,1.718346154,W03_H12
W03,2025-05-11,H12,33,12,22095,0.00040747,1.776680207,W03_H12
W03,2025-05-12,H12,34,16,22079,0.000543589,1.835014261,W03_H12
W03,2025-05-13,H12,35,13,22066,0.000441861,1.893348315,W03_H12
W03,2025-05-14,H12,36,17,22049,0.000578153,1.951682368,W03_H12
W03,2025-05-15,H12,37,19,22030,0.000646588,2.010016422,W03_H12
W03,2025-05-16,H12,38,15,22015,0.000510725,2.068350475,W03_H12
W03,2025-05-17,H12,39,33,21982,0.001124859,2.126684529,W03_H12
W03,2025-05-18,H12,40,17,21965,0.000579809,2.185018583,W03_H12
W04,2025-05-06,H01,29,68,23137,0.002219538,1.684792627,W04_H01
W04,2025-05-07,H01,30,70,23067,0.002290051,1.769585253,W04_H01
W04,2025-05-08,H01,31,60,23007,0.001966762,1.85437788,W04_H01
W04,2025-05-09,H01,32,50,22957,0.001641659,1.939170507,W04_H01
W04,2025-05-10,H01,33,60,22897,0.001973879,2.023963134,W04_H01
W04,2025-05-11,H01,34,80,22817,0.002638784,2.10875576,W04_H01
W04,2025-05-12,H01,35,120,22697,0.003973905,2.193548387,W04_H01
W04,2025-05-13,H01,36,150,22547,0.004992179,2.22330866,W04_H01
W04,2025-05-14,H01,37,90,22457,0.003004306,2.253068933,W04_H01
W04,2025-05-15,H01,38,125,22332,0.004190131,2.271980691,W04_H01
W04,2025-05-16,H01,39,113,22219,0.003802281,2.337966443,W04_H01
W04,2025-05-06,H02,29,36,22136,0.001228585,1.731442663,W04_H02
W04,2025-05-07,H02,30,38,22098,0.001298524,1.812885327,W04_H02
W04,2025-05-08,H02,31,35,22063,0.001197441,1.89432799,W04_H02
W04,2025-05-09,H02,32,30,22033,0.001027432,1.975770654,W04_H02
W04,2025-05-10,H02,33,45,21988,0.001543527,2.057213317,W04_H02
W04,2025-05-11,H02,34,37,21951,0.001270735,2.134162214,W04_H02
W04,2025-05-12,H02,35,12,21939,0.0004123,2.211111111,W04_H02
W04,2025-05-13,H02,36,15,21924,0.000515641,2.4,W04_H02
W04,2025-05-14,H02,37,0,21924,0.0,2.313287048,W04_H02
W04,2025-05-15,H02,38,0,21924,0.0,2.383138055,W04_H02
W04,2025-05-16,H02,39,0,21924,0.0,2.452989063,W04_H02
W04,2025-05-06,H03,29,76,23241,0.002469457,1.543788245,W04_H03
W04,2025-05-07,H03,30,15,23226,0.00048763,1.602679343,W04_H03
W04,2025-05-08,H03,31,13,23213,0.000422792,1.661570441,W04_H03
W04,2025-05-09,H03,32,15,23198,0.000488075,1.720461538,W04_H03
W04,2025-05-10,H03,33,10,23188,0.000325489,1.779352636,W04_H03
W04,2025-05-11,H03,34,11,23177,0.000358166,1.838243734,W04_H03
W04,2025-05-12,H03,35,10,23167,0.000325712,1.897134831,W04_H03
W04,2025-05-13,H03,36,13,23154,0.000423605,1.956025929,W04_H03
W04,2025-05-14,H03,37,54,23100,0.00176269,2.014917027,W04_H03
W04,2025-05-15,H03,38,0,23100,0.0,2.073808124,W04_H03
W04,2025-05-16,H03,39,0,23100,0.0,2.132699222,W04_H03
W04,2025-05-04,H04,28,37,22314,0.001365364,1.7,W04_H04
W04,2025-05-05,H04,29,38,22276,0.001404235,1.782965637,W04_H04
W04,2025-05-06,H04,30,37,22239,0.001369153,1.865931274,W04_H04
W04,2025-05-07,H04,31,36,22203,0.001333926,1.948896911,W04_H04
W04,2025-05-08,H04,32,34,22169,0.001261408,2.031862548,W04_H04
W04,2025-05-09,H04,33,28,22141,0.001039887,2.114828186,W04_H04
W04,2025-05-10,H04,34,33,22108,0.001227085,2.197793823,W04_H04
W04,2025-05-11,H04,35,59,22049,0.002198703,2.28075946,W04_H04
W04,2025-05-12,H04,36,82,21967,0.003065191,2.363725097,W04_H04
W04,2025-05-13,H04,37,106,21861,0.003978083,2.446690734,W04_H04
W04,2025-05-14,H04,38,70,21791,0.002633955,2.361437829,W04_H04
W04,2025-05-15,H04,39,0,21791,0.0,2.430162298,W04_H04
W04,2025-05-16,H04,40,0,21791,0.0,2.498886767,W04_H04
W04,2025-05-06,H05,30,33,24095,0.00103471,1.722188206,W04_H05
W04,2025-05-07,H05,31,36,24059,0.00113005,1.788282309,W04_H05
W04,2025-05-08,H05,32,30,24029,0.000942596,1.854376412,W04_H05
W04,2025-05-09,H05,33,27,24002,0.000849057,1.920470514,W04_H05
W04,2025-05-10,H05,34,30,23972,0.000944287,1.986564617,W04_H05
W04,2025-05-11,H05,35,44,23928,0.001386875,2.05265872,W04_H05
W04,2025-05-12,H05,36,61,23867,0.001926417,2.118752823,W04_H05
W04,2025-05-13,H05,37,89,23778,0.002818596,2.184846926,W04_H05
W04,2025-05-14,H05,38,75,23703,0.002380877,2.250941029,W04_H05
W04,2025-05-15,H05,39,110,23593,0.003504189,2.231564748,W04_H05
W04,2025-05-16,H05,40,264,23329,0.008481383,2.293824328,W04_H05
W04,2025-05-04,H06,28,60,22650,0.002180867,1.66,W04_H06
W04,2025-05-05,H06,29,67,22583,0.002441246,1.74617293,W04_H06
W04,2025-05-06,H06,30,47,22536,0.001715454,1.83234586,W04_H06
W04,2025-05-07,H06,31,46,22490,0.001681778,1.91851879,W04_H06
W04,2025-05-08,H06,32,40,22450,0.001464558,2.00469172,W04_H06
W04,2025-05-09,H06,33,30,22420,0.001099626,2.090864651,W04_H06
W04,2025-05-10,H06,34,37,22383,0.001358047,2.177037581,W04_H06
W04,2025-05-11,H06,35,58,22325,0.002133373,2.263210511,W04_H06
W04,2025-05-12,H06,36,89,22236,0.003284375,2.349383441,W04_H06
W04,2025-05-13,H06,37,82,22154,0.003035238,2.255725014,W04_H06
W04,2025-05-14,H06,38,80,22074,0.002970003,2.323186763,W04_H06
W04,2025-05-15,H06,39,75,21999,0.002792152,2.390648513,W04_H06
W04,2025-05-16,H06,40,86,21913,0.003211951,2.458110262,W04_H06
W04,2025-05-04,H07,29,38,23907,0.001309938,1.708604336,W04_H07
W04,2025-05-05,H07,30,41,23866,0.001415355,1.787208672,W04_H07
W04,2025-05-06,H07,31,43,23823,0.001486603,1.865813008,W04_H07
W04,2025-05-07,H07,32,48,23775,0.001662223,1.944417344,W04_H07
W04,2025-05-08,H07,33,40,23735,0.001387107,2.02302168,W04_H07
W04,2025-05-09,H07,34,40,23695,0.001389034,2.101626016,W04_H07
W04,2025-05-10,H07,35,46,23649,0.001599944,2.174903723,W04_H07
W04,2025-05-11,H07,36,28,23621,0.000974829,2.248181429,W04_H07
W04,2025-05-12,H07,37,15,23606,0.000522502,2.321459136,W04_H07
W04,2025-05-13,H07,38,10,23596,0.000348456,2.394736842,W04_H07
W04,2025-05-14,H07,39,25,23571,0.0008719,2.367131278,W04_H07
W04,2025-05-15,H07,40,35,23536,0.001222152,2.433912479,W04_H07
W04,2025-05-04,H08,28,68,22386,0.002500644,1.69,W04_H08
W04,2025-05-05,H08,29,65,22321,0.002396048,1.765964519,W04_H08
W04,2025-05-06,H08,30,66,22255,0.002438844,1.841929038,W04_H08
W04,2025-05-07,H08,31,68,22187,0.002519078,1.917893556,W04_H08
W04,2025-05-08,H08,32,50,22137,0.001855701,1.993858075,W04_H08
W04,2025-05-09,H08,33,30,22107,0.001114662,2.069822594,W04_H08
W04,2025-05-10,H08,34,40,22067,0.001488427,2.145787113,W04_H08
W04,2025-05-11,H08,35,65,22002,0.002424559,2.221751631,W04_H08
W04,2025-05-12,H08,36,90,21912,0.00336839,2.29771615,W04_H08
W04,2025-05-13,H08,37,132,21780,0.004964832,2.451239669,W04_H08
W04,2025-05-14,H08,38,110,21670,0.004154549,2.389354945,W04_H08
W04,2025-05-15,H08,39,100,21570,0.003791182,2.45908059,W04_H08
W04,2025-05-16,H08,40,109,21461,0.004149536,2.528806236,W04_H08
W04,2025-05-04,H09,29,35,24382,0.001182033,1.704054054,W04_H09
W04,2025-05-05,H09,30,38,24344,0.001284999,1.780059513,W04_H09
W04,2025-05-06,H09,31,36,24308,0.001218852,1.856064972,W04_H09
W04,2025-05-07,H09,32,40,24268,0.001356116,1.932070431,W04_H09
W04,2025-05-08,H09,33,36,24232,0.001221996,2.008075889,W04_H09
W04,2025-05-09,H09,34,29,24203,0.000985356,2.084081348,W04_H09
W04,2025-05-10,H09,35,36,24167,0.001224698,2.160086807,W04_H09
W04,2025-05-11,H09,36,41,24126,0.001396743,2.236092266,W04_H09
W04,2025-05-12,H09,37,54,24072,0.001843003,2.326923077,W04_H09
W04,2025-05-13,H09,38,80,23992,0.002737851,2.413333333,W04_H09
W04,2025-05-14,H09,39,60,23932,0.002057613,2.390958638,W04_H09
W04,2025-05-15,H09,40,32,23900,0.001098599,2.458738817,W04_H09
W04,2025-05-03,H10,28,28,26647,0.000936643,1.65,W04_H10
W04,2025-05-04,H10,29,32,26615,0.001071596,1.731989075,W04_H10
W04,2025-05-05,H10,30,33,26582,0.001106306,1.813978149,W04_H10
W04,2025-05-06,H10,31,29,26553,0.000973154,1.895967224,W04_H10
W04,2025-05-07,H10,32,35,26518,0.001175878,1.977956298,W04_H10
W04,2025-05-08,H10,33,32,26486,0.001076245,2.059945373,W04_H10
W04,2025-05-09,H10,34,20,26466,0.000673106,2.141934447,W04_H10
W04,2025-05-10,H10,35,27,26439,0.00090952,2.223923522,W04_H10
W04,2025-05-11,H10,36,38,26401,0.001281705,2.305912596,W04_H10
W04,2025-05-12,H10,37,52,26349,0.001756994,2.399626664,W04_H10
W04,2025-05-13,H10,38,71,26278,0.002404742,2.493340733,W04_H10
W04,2025-05-14,H10,39,68,26210,0.00230845,2.443635206,W04_H10
W04,2025-05-15,H10,40,35,26175,0.001189586,2.512917965,W04_H10
W04,2025-05-04,H11,29,37,24325,0.001252497,1.692064281,W04_H11
W04,2025-05-05,H11,30,39,24286,0.001321944,1.774128562,W04_H11
W04,2025-05-06,H11,31,36,24250,0.001221747,1.856192843,W04_H11
W04,2025-05-07,H11,32,39,24211,0.001325313,1.938257124,W04_H11
W04,2025-05-08,H11,33,35,24176,0.0011908,2.020321405,W04_H11
W04,2025-05-09,H11,34,27,24149,0.000919462,2.102385686,W04_H11
W04,2025-05-10,H11,35,16,24133,0.000545163,2.205832018,W04_H11
W04,2025-05-11,H11,36,24,24109,0.000818414,2.309278351,W04_H11
W04,2025-05-12,H11,37,22,24087,0.000750776,2.246256536,W04_H11
W04,2025-05-13,H11,38,10,24077,0.000341378,2.313359347,W04_H11
W04,2025-05-14,H11,39,12,24065,0.000409822,2.380462158,W04_H11
W04,2025-05-15,H11,40,24,24041,0.000820317,2.447564969,W04_H11
W04,2025-05-03,H12,28,27,26969,0.000892385,1.635,W04_H12
W04,2025-05-04,H12,29,33,26936,0.001091884,1.719026393,W04_H12
W04,2025-05-05,H12,30,35,26901,0.001159401,1.803052786,W04_H12
W04,2025-05-06,H12,31,30,26871,0.000994761,1.887079179,W04_H12
W04,2025-05-07,H12,32,34,26837,0.001128668,1.971105572,W04_H12
W04,2025-05-08,H12,33,24,26813,0.000797342,2.055131965,W04_H12
W04,2025-05-09,H12,34,27,26786,0.000897815,2.098786828,W04_H12
W04,2025-05-10,H12,35,15,26771,0.000499035,2.094606187,W04_H12
W04,2025-05-11,H12,36,25,26746,0.000832418,2.160749407,W04_H12
W04,2025-05-12,H12,37,16,26730,0.000533031,2.226892627,W04_H12
W04,2025-05-13,H12,38,5,26725,0.0001666,2.293035847,W04_H12
W04,2025-05-14,H12,39,8,26717,0.000266631,2.359179067,W04_H12
W04,2025-05-15,H12,40,0,26717,0.0,2.425322286,W04_H12
W05,2025-04-30,H01,30,46,28569,0.0013845,1.710942211,W05_H01
W05,2025-05-01,H01,31,42,28527,0.001265708,1.791884422,W05_H01
W05,2025-05-02,H01,32,29,28498,0.000874706,1.872826633,W05_H01
W05,2025-05-03,H01,33,33,28465,0.000996347,1.953768844,W05_H01
W05,2025-05-04,H01,34,33,28432,0.00099734,1.898236369,W05_H01
W05,2025-05-05,H01,35,12,28420,0.000362801,1.958602224,W05_H01
W05,2025-05-06,H01,36,10,28410,0.000302425,2.018968078,W05_H01
W05,2025-05-07,H01,37,0,28410,0.0,2.079333933,W05_H01
W05,2025-05-08,H01,38,0,28410,0.0,2.139699788,W05_H01
W05,2025-05-09,H01,39,0,28410,0.0,2.200065643,W05_H01
W05,2025-05-10,H01,40,0,28410,0.0,2.260431497,W05_H01
W05,2025-04-30,H02,29,60,23945,0.002154321,1.642997312,W05_H02
W05,2025-05-01,H02,30,60,23885,0.002158972,1.730994624,W05_H02
W05,2025-05-02,H02,31,88,23797,0.003176551,1.818991935,W05_H02
W05,2025-05-03,H02,32,68,23729,0.002460648,1.906989247,W05_H02
W05,2025-05-04,H02,33,48,23681,0.00173995,1.840630367,W05_H02
W05,2025-05-05,H02,34,16,23665,0.00058032,1.902122925,W05_H02
W05,2025-05-06,H02,35,12,23653,0.000435429,1.963615482,W05_H02
W05,2025-05-07,H02,36,8,23645,0.000290371,2.02510804,W05_H02
W05,2025-05-08,H02,37,0,23645,0.0,2.086600597,W05_H02
W05,2025-05-09,H02,38,0,23645,0.0,2.148093155,W05_H02
W05,2025-05-10,H02,39,0,23645,0.0,2.209585712,W05_H02
W05,2025-05-11,H02,40,0,23645,0.0,2.27107827,W05_H02
W05,2025-04-30,H03,29,58,27981,0.001782203,1.648498193,W05_H03
W05,2025-05-01,H03,30,50,27931,0.001538746,1.741996387,W05_H03
W05,2025-05-02,H03,31,30,27901,0.000924101,1.83549458,W05_H03
W05,2025-05-03,H03,32,27,27874,0.000832383,1.928992773,W05_H03
W05,2025-05-04,H03,33,27,27847,0.000833076,2.022490967,W05_H03
W05,2025-05-05,H03,34,32,27815,0.000988325,2.11598916,W05_H03
W05,2025-05-06,H03,35,27,27788,0.000834596,2.011635563,W05_H03
W05,2025-05-07,H03,36,18,27770,0.000556707,2.075205317,W05_H03
W05,2025-05-08,H03,37,0,27770,0.0,2.138775072,W05_H03
W05,2025-05-09,H03,38,0,27770,0.0,2.202344826,W05_H03
W05,2025-05-10,H03,39,0,27770,0.0,2.265914581,W05_H03
W05,2025-05-11,H03,40,0,27770,0.0,2.329484335,W05_H03
W05,2025-04-30,H04,29,45,23527,0.001644557,1.643577236,W05_H04
W05,2025-05-01,H04,30,60,23467,0.002197561,1.727154472,W05_H04
W05,2025-05-02,H04,31,93,23374,0.003417861,1.810731707,W05_H04
W05,2025-05-03,H04,32,72,23302,0.002653106,1.894308943,W05_H04
W05,2025-05-04,H04,33,56,23246,0.002067794,1.99892296,W05_H04
W05,2025-05-05,H04,34,44,23202,0.001627339,2.103536977,W05_H04
W05,2025-05-06,H04,35,33,23169,0.001221996,2.034867377,W05_H04
W05,2025-05-07,H04,36,15,23154,0.000555761,2.099249097,W05_H04
W05,2025-05-08,H04,37,0,23154,0.0,2.163630816,W05_H04
W05,2025-05-09,H04,38,0,23154,0.0,2.228012536,W05_H04
W05,2025-05-10,H04,39,0,23154,0.0,2.292394256,W05_H04
W05,2025-05-11,H04,40,0,23154,0.0,2.356775975,W05_H04
W05,2025-04-30,H05,29,37,26833,0.001185707,1.673309647,W05_H05
W05,2025-05-01,H05,30,39,26794,0.001251364,1.771619294,W05_H05
W05,2025-05-02,H05,31,28,26766,0.000899223,1.869928941,W05_H05
W05,2025-05-03,H05,32,26,26740,0.00083569,1.968238587,W05_H05
W05,2025-05-04,H05,33,26,26714,0.000836389,2.066548234,W05_H05
W05,2025-05-05,H05,34,26,26688,0.00083709,2.164857881,W05_H05
W05,2025-05-06,H05,35,21,26667,0.000676568,2.048910191,W05_H05
W05,2025-05-07,H05,36,12,26655,0.00038676,2.113725461,W05_H05
W05,2025-05-08,H05,37,0,26655,0.0,2.17854073,W05_H05
W05,2025-05-09,H05,38,0,26655,0.0,2.243355999,W05_H05
W05,2025-05-10,H05,39,0,26655,0.0,2.308171268,W05_H05
W05,2025-05-11,H05,40,0,26655,0.0,2.372986537,W05_H05
W05,2025-05-01,H06,29,40,24640,0.001407658,1.650639579,W05_H06
W05,2025-05-02,H06,30,68,24572,0.002398758,1.741279157,W05_H06
W05,2025-05-03,H06,31,58,24514,0.002050194,1.831918736,W05_H06
W05,2025-05-04,H06,32,55,24459,0.001947937,1.922558315,W05_H06
W05,2025-05-05,H06,33,49,24410,0.001738452,2.013197893,W05_H06
W05,2025-05-06,H06,34,37,24373,0.001314434,2.103837472,W05_H06
W05,2025-05-07,H06,35,68,24305,0.002421566,2.006808762,W05_H06
W05,2025-05-08,H06,36,0,24305,0.0,2.070161286,W05_H06
W05,2025-05-09,H06,37,0,24305,0.0,2.133513811,W05_H06
W05,2025-05-10,H06,38,0,24305,0.0,2.196866336,W05_H06
W05,2025-05-11,H06,39,0,24305,0.0,2.260218861,W05_H06
W05,2025-04-30,H07,29,41,26339,0.00133847,1.679627193,W05_H07
W05,2025-05-01,H07,30,42,26297,0.001372998,1.769254386,W05_H07
W05,2025-05-02,H07,31,27,26270,0.000883421,1.858881579,W05_H07
W05,2025-05-03,H07,32,24,26246,0.00078588,1.948508772,W05_H07
W05,2025-05-04,H07,33,24,26222,0.000786498,2.038135965,W05_H07
W05,2025-05-05,H07,34,22,26200,0.000721477,2.127763158,W05_H07
W05,2025-05-06,H07,35,16,26184,0.000524986,2.217390351,W05_H07
W05,2025-05-07,H07,36,22,26162,0.000722377,2.307017544,W05_H07
W05,2025-05-08,H07,37,25,26137,0.000821558,2.198487429,W05_H07
W05,2025-05-09,H07,38,0,26137,0.0,2.264164881,W05_H07
W05,2025-05-10,H07,39,0,26137,0.0,2.329842333,W05_H07
W05,2025-05-11,H07,40,0,26137,0.0,2.395519786,W05_H07
W05,2025-05-01,H08,29,49,24496,0.001734452,1.662185535,W05_H08
W05,2025-05-02,H08,30,65,24431,0.002306109,1.749371069,W05_H08
W05,2025-05-03,H08,31,56,24375,0.001990757,1.836556604,W05_H08
W05,2025-05-04,H08,32,51,24324,0.001816304,1.923742138,W05_H08
W05,2025-05-05,H08,33,46,24278,0.001640923,2.010927673,W05_H08
W05,2025-05-06,H08,34,40,24238,0.001428929,2.098113208,W05_H08
W05,2025-05-07,H08,35,66,24172,0.002363304,2.198446848,W05_H08
W05,2025-05-08,H08,36,65,24107,0.002332927,2.298780488,W05_H08
W05,2025-05-09,H08,37,17,24090,0.000610523,2.225144229,W05_H08
W05,2025-05-10,H08,38,0,24090,0.0,2.291865551,W05_H08
W05,2025-05-11,H08,39,0,24090,0.0,2.358586872,W05_H08
W05,2025-04-30,H09,29,37,26834,0.001185631,1.665319149,W05_H09
W05,2025-05-01,H09,30,45,26789,0.001444066,1.750638298,W05_H09
W05,2025-05-02,H09,31,29,26760,0.000931487,1.835957447,W05_H09
W05,2025-05-03,H09,32,26,26734,0.000835825,1.921276596,W05_H09
W05,2025-05-04,H09,33,28,26706,0.00090093,1.857909839,W05_H09
W05,2025-05-05,H09,34,11,26695,0.000354062,1.91999597,W05_H09
W05,2025-05-06,H09,35,11,26684,0.000354187,1.982082101,W05_H09
W05,2025-05-07,H09,36,4,26680,0.000128812,2.044168232,W05_H09
W05,2025-05-08,H09,37,0,26680,0.0,2.106254363,W05_H09
W05,2025-05-09,H09,38,0,26680,0.0,2.168340494,W05_H09
W05,2025-05-10,H09,39,0,26680,0.0,2.230426625,W05_H09
W05,2025-05-11,H09,40,0,26680,0.0,2.292512756,W05_H09
W05,2025-05-01,H10,29,57,24558,0.002012428,1.645539302,W05_H10
W05,2025-05-02,H10,30,75,24483,0.002654961,1.721078603,W05_H10
W05,2025-05-03,H10,31,68,24415,0.002412973,1.796617905,W05_H10
W05,2025-05-04,H10,32,68,24347,0.00241881,1.872157207,W05_H10
W05,2025-05-05,H10,33,50,24297,0.001781705,1.947696509,W05_H10
W05,2025-05-06,H10,34,47,24250,0.001677613,2.02323581,W05_H10
W05,2025-05-07,H10,35,77,24173,0.002756004,2.098775112,W05_H10
W05,2025-05-08,H10,36,95,24078,0.003411866,2.174314414,W05_H10
W05,2025-05-09,H10,37,126,23952,0.004545783,2.249853716,W05_H10
W05,2025-05-10,H10,38,183,23769,0.006646087,2.186499889,W05_H10
W05,2025-05-11,H10,39,515,23254,0.019059956,2.249592769,W05_H10
W05,2025-05-01,H11,29,51,24392,0.001812882,1.626119532,W05_H11
W05,2025-05-02,H11,30,67,24325,0.002387315,1.692239063,W05_H11
W05,2025-05-03,H11,31,55,24270,0.001963584,1.758358595,W05_H11
W05,2025-05-04,H11,32,52,24218,0.001859933,1.824478127,W05_H11
W05,2025-05-05,H11,33,48,24170,0.001719814,1.890597659,W05_H11
W05,2025-05-06,H11,34,46,24124,0.001650876,1.95671719,W05_H11
W05,2025-05-07,H11,35,55,24069,0.001977777,2.022836722,W05_H11
W05,2025-05-08,H11,36,88,23981,0.003174489,2.088956254,W05_H11
W05,2025-05-09,H11,37,105,23876,0.003802144,2.155075786,W05_H11
W05,2025-05-10,H11,38,209,23667,0.007625789,2.221195317,W05_H11
W05,2025-05-11,H11,39,982,22685,0.037161779,2.349056604,W05_H11
W05,2025-05-01,H12,29,55,24098,0.001978916,1.654685734,W05_H12
W05,2025-05-02,H12,30,63,24035,0.002271908,1.744371469,W05_H12
W05,2025-05-03,H12,31,52,23983,0.001878748,1.834057203,W05_H12
W05,2025-05-04,H12,32,53,23930,0.001918552,1.923742938,W05_H12
W05,2025-05-05,H12,33,46,23884,0.001667936,2.013428672,W05_H12
W05,2025-05-06,H12,34,49,23835,0.001779876,2.103114407,W05_H12
W05,2025-05-07,H12,35,62,23773,0.002257172,2.192800141,W05_H12
W05,2025-05-08,H12,36,62,23711,0.002262278,2.282485876,W05_H12
W05,2025-05-09,H12,37,98,23613,0.003588692,2.273809524,W05_H12
W05,2025-05-10,H12,38,305,23308,0.011295041,2.251666667,W05_H12
W05,2025-05-11,H12,39,636,22672,0.02412106,2.330652017,W05_H12
W08,2025-05-10,H01,29,20,26622,0.000686978,1.722147651,W08_H01
W08,2025-05-11,H01,30,38,26584,0.001306965,1.812143061,W08_H01
W08,2025-05-12,H01,31,15,26569,0.000516173,1.902138471,W08_H01
W08,2025-05-13,H01,32,10,26559,0.000344234,1.992133881,W08_H01
W08,2025-05-14,H01,33,30,26529,0.00103377,2.082129291,W08_H01
W08,2025-05-15,H01,34,25,26504,0.000862218,2.172124701,W08_H01
W08,2025-05-16,H01,35,47,26457,0.001623601,2.262120111,W08_H01
W08,2025-05-17,H01,36,66,26391,0.00228516,2.352115522,W08_H01
W08,2025-05-18,H01,37,96,26295,0.003334954,2.442110932,W08_H01
W08,2025-05-19,H01,38,255,26040,0.008937647,2.4,W08_H01
W08,2025-05-20,H01,39,70,25970,0.002459506,2.41728225,W08_H01
W08,2025-05-21,H01,40,0,25970,0.0,2.485961077,W08_H01
W08,2025-05-10,H02,29,30,26446,0.001037309,1.703355705,W08_H02
W08,2025-05-11,H02,30,50,26396,0.001731842,1.779668966,W08_H02
W08,2025-05-12,H02,31,20,26376,0.000693217,1.855982227,W08_H02
W08,2025-05-13,H02,32,15,26361,0.000520183,1.932295488,W08_H02
W08,2025-05-14,H02,33,100,26261,0.003479955,2.008608749,W08_H02
W08,2025-05-15,H02,34,250,26011,0.008776241,2.08492201,W08_H02
W08,2025-05-16,H02,35,510,25501,0.018229911,2.146945738,W08_H02
W08,2025-05-17,H02,36,803,24698,0.029551393,2.208969466,W08_H02
W08,2025-05-18,H02,37,630,24068,0.023735071,2.20156252,W08_H02
W08,2025-05-19,H02,38,396,23672,0.015145141,2.267278814,W08_H02
W08,2025-05-20,H02,39,55,23617,0.002107926,2.332995107,W08_H02
W08,2025-05-21,H02,40,0,23617,0.0,2.398711401,W08_H02
W08,2025-05-11,H03,30,35,22056,0.001186883,1.747651007,W08_H03
W08,2025-05-12,H03,31,12,22044,0.000407097,1.838926174,W08_H03
W08,2025-05-13,H03,32,10,22034,0.000339363,1.930201342,W08_H03
W08,2025-05-14,H03,33,40,21994,0.001359296,2.02147651,W08_H03
W08,2025-05-15,H03,34,44,21950,0.001497465,2.112751678,W08_H03
W08,2025-05-16,H03,35,80,21870,0.002730096,2.204026846,W08_H03
W08,2025-05-17,H03,36,103,21767,0.003527397,2.295302013,W08_H03
W08,2025-05-18,H03,37,127,21640,0.004368314,2.343071161,W08_H03
W08,2025-05-19,H03,38,266,21374,0.009233867,2.385328684,W08_H03
W08,2025-05-20,H03,39,55,21319,0.00191291,2.427586207,W08_H03
W08,2025-05-21,H03,40,0,21319,0.0,2.445576384,W08_H03
W08,2025-05-10,H04,29,28,26454,0.000967853,1.675675676,W08_H04
W08,2025-05-11,H04,30,40,26414,0.001384562,1.755181497,W08_H04
W08,2025-05-12,H04,31,18,26396,0.000623441,1.834687319,W08_H04
W08,2025-05-13,H04,32,15,26381,0.000519805,1.914193141,W08_H04
W08,2025-05-14,H04,33,80,26301,0.002779998,1.993698962,W08_H04
W08,2025-05-15,H04,34,70,26231,0.00243843,2.073204784,W08_H04
W08,2025-05-16,H04,35,139,26092,0.004865584,2.152710605,W08_H04
W08,2025-05-17,H04,36,281,25811,0.009933892,2.232216427,W08_H04
W08,2025-05-18,H04,37,140,25671,0.004973887,2.311722249,W08_H04
W08,2025-05-19,H04,38,175,25496,0.006256256,2.39122807,W08_H04
W08,2025-05-20,H04,39,180,25316,0.006476684,2.31388035,W08_H04
W08,2025-05-21,H04,40,0,25316,0.0,2.379067452,W08_H04
W08,2025-05-10,H05,29,25,26562,0.000860644,1.662852113,W08_H05
W08,2025-05-11,H05,30,28,26534,0.000964852,1.750704225,W08_H05
W08,2025-05-12,H05,31,50,26484,0.001725923,1.830658618,W08_H05
W08,2025-05-13,H05,32,20,26464,0.000690846,1.910613011,W08_H05
W08,2025-05-14,H05,33,30,26434,0.001037344,1.990567404,W08_H05
W08,2025-05-15,H05,34,110,26324,0.003818119,2.070521797,W08_H05
W08,2025-05-16,H05,35,226,26098,0.007906521,2.15047619,W08_H05
W08,2025-05-17,H05,36,310,25788,0.010964137,2.264383562,W08_H05
W08,2025-05-18,H05,37,600,25188,0.021681,2.331644179,W08_H05
W08,2025-05-19,H05,38,277,24911,0.010110596,2.398904796,W08_H05
W08,2025-05-20,H05,39,50,24861,0.001828354,2.466165414,W08_H05
W08,2025-05-21,H05,40,20,24841,0.000731877,2.444615064,W08_H05
W08,2025-05-10,H06,29,28,26470,0.000967285,1.681081081,W08_H06
W08,2025-05-11,H06,30,38,26432,0.00131447,1.76458444,W08_H06
W08,2025-05-12,H06,31,13,26419,0.000449889,1.848087799,W08_H06
W08,2025-05-13,H06,32,11,26408,0.00038082,1.931591158,W08_H06
W08,2025-05-14,H06,33,20,26388,0.000692881,2.015094517,W08_H06
W08,2025-05-15,H06,34,30,26358,0.001040402,2.098597876,W08_H06
W08,2025-05-16,H06,35,46,26312,0.001597833,2.182101235,W08_H06
W08,2025-05-17,H06,36,75,26237,0.002611966,2.265604594,W08_H06
W08,2025-05-18,H06,37,88,26149,0.003074128,2.349107953,W08_H06
W08,2025-05-19,H06,38,104,26045,0.003646308,2.432611312,W08_H06
W08,2025-05-20,H06,39,130,25915,0.004578755,2.340051687,W08_H06
W08,2025-05-21,H06,40,10,25905,0.000352336,2.406138128,W08_H06
W08,2025-05-13,H07,30,50,24138,0.001766535,1.740261146,W08_H07
W08,2025-05-14,H07,31,25,24113,0.000884048,1.828467498,W08_H07
W08,2025-05-15,H07,32,40,24073,0.001416481,1.91667385,W08_H07
W08,2025-05-16,H07,33,42,24031,0.00148952,2.004880202,W08_H07
W08,2025-05-17,H07,34,38,23993,0.00134948,2.093086554,W08_H07
W08,2025-05-18,H07,35,44,23949,0.001565001,2.172584019,W08_H07
W08,2025-05-19,H07,36,42,23907,0.001496099,2.252081483,W08_H07
W08,2025-05-20,H07,37,50,23857,0.001784249,2.331578947,W08_H07
W08,2025-05-21,H07,38,20,23837,0.000714209,2.277778565,W08_H07
W08,2025-05-22,H07,39,80,23757,0.002865022,2.344225995,W08_H07
W08,2025-05-23,H07,40,0,23757,0.0,2.410673425,W08_H07
W08,2025-05-10,H08,28,35,26079,0.001227166,1.62,W08_H08
W08,2025-05-11,H08,29,20,26059,0.00070173,1.706347342,W08_H08
W08,2025-05-12,H08,30,11,26048,0.0003861,1.792694685,W08_H08
W08,2025-05-13,H08,31,12,26036,0.000421378,1.879042027,W08_H08
W08,2025-05-14,H08,32,75,25961,0.002640566,1.96538937,W08_H08
W08,2025-05-15,H08,33,115,25846,0.004065328,2.020689655,W08_H08
W08,2025-05-16,H08,34,176,25670,0.006260672,2.111764706,W08_H08
W08,2025-05-17,H08,35,165,25505,0.005904033,2.097424946,W08_H08
W08,2025-05-18,H08,36,146,25359,0.00525161,2.163966983,W08_H08
W08,2025-05-19,H08,37,175,25184,0.006334612,2.23050902,W08_H08
W08,2025-05-20,H08,38,10,25174,0.000362109,2.297051057,W08_H08
W08,2025-05-21,H08,39,10,25164,0.00036224,2.363593094,W08_H08
W08,2025-05-22,H08,40,30,25134,0.001087903,2.430135131,W08_H08
W08,2025-05-11,H09,29,40,23238,0.001287416,1.649635036,W08_H09
W08,2025-05-12,H09,30,55,23183,0.001773335,1.724466983,W08_H09
W08,2025-05-13,H09,31,20,23163,0.000645265,1.79929893,W08_H09
W08,2025-05-14,H09,32,50,23113,0.00161577,1.874130877,W08_H09
W08,2025-05-15,H09,33,66,23047,0.002137375,1.948962823,W08_H09
W08,2025-05-16,H09,34,122,22925,0.003966577,2.02379477,W08_H09
W08,2025-05-17,H09,35,180,22745,0.005886778,2.098626717,W08_H09
W08,2025-05-18,H09,36,231,22514,0.007612206,2.163265306,W08_H09
W08,2025-05-19,H09,37,302,22212,0.010051924,2.237811791,W08_H09
W08,2025-05-20,H09,38,25,22187,0.000832806,2.312358277,W08_H09
W08,2025-05-21,H09,39,20,22167,0.000666689,2.386904762,W08_H09
W08,2025-05-22,H09,40,50,22117,0.001669505,2.370699425,W08_H09
W08,2025-05-11,H10,29,40,21579,0.001386338,1.699319728,W08_H10
W08,2025-05-12,H10,30,50,21529,0.00173593,1.779548685,W08_H10
W08,2025-05-13,H10,31,15,21514,0.00052105,1.859777642,W08_H10
W08,2025-05-14,H10,32,45,21469,0.001565599,1.9400066,W08_H10
W08,2025-05-15,H10,33,48,21421,0.001672765,2.020235557,W08_H10
W08,2025-05-16,H10,34,71,21350,0.002480436,2.100464514,W08_H10
W08,2025-05-17,H10,35,88,21262,0.003083824,2.180693471,W08_H10
W08,2025-05-18,H10,36,104,21158,0.00365785,2.260922429,W08_H10
W08,2025-05-19,H10,37,145,21013,0.00512603,2.341151386,W08_H10
W08,2025-05-20,H10,38,145,20868,0.005152441,2.270603918,W08_H10
W08,2025-05-21,H10,39,20,20848,0.000711187,2.336439238,W08_H10
W08,2025-05-22,H10,40,20,20828,0.000711693,2.402274559,W08_H10
W08,2025-05-13,H11,30,25,25509,0.000835925,1.757332072,W08_H11
W08,2025-05-14,H11,31,30,25479,0.001004117,1.835998108,W08_H11
W08,2025-05-15,H11,32,30,25449,0.001005126,1.914664144,W08_H11
W08,2025-05-16,H11,33,68,25381,0.002283488,1.99333018,W08_H11
W08,2025-05-17,H11,34,91,25290,0.003065212,2.071996216,W08_H11
W08,2025-05-18,H11,35,103,25187,0.003481494,2.150662252,W08_H11
W08,2025-05-19,H11,36,120,25067,0.004072629,2.213464851,W08_H11
W08,2025-05-20,H11,37,100,24967,0.003405415,2.27626745,W08_H11
W08,2025-05-21,H11,38,20,24947,0.000681547,2.375,W08_H11
W08,2025-05-22,H11,39,70,24877,0.002391119,2.358854099,W08_H11
W08,2025-05-23,H11,40,0,24877,0.0,2.425868627,W08_H11
W08,2025-05-13,H12,30,15,24878,0.000514297,1.779202776,W08_H12
W08,2025-05-14,H12,31,23,24855,0.000789212,1.863804164,W08_H12
W08,2025-05-15,H12,32,22,24833,0.000755469,1.948405552,W08_H12
W08,2025-05-16,H12,33,35,24798,0.001203328,2.033006941,W08_H12
W08,2025-05-17,H12,34,40,24758,0.001377126,2.117608329,W08_H12
W08,2025-05-18,H12,35,49,24709,0.00168983,2.202209717,W08_H12
W08,2025-05-19,H12,36,69,24640,0.002385232,2.286811105,W08_H12
W08,2025-05-20,H12,37,40,24600,0.001384658,2.371412493,W08_H12
W08,2025-05-21,H12,38,20,24580,0.000692809,2.469135802,W08_H12
W08,2025-05-22,H12,39,10,24570,0.000346524,2.417932148,W08_H12
W08,2025-05-23,H12,40,20,24550,0.000693529,2.486695745,W08_H12
W10,2025-05-03,H01,29,18,27438,0.000584795,1.711513183,W10_H01
W10,2025-05-04,H01,30,15,27423,0.000487567,1.808026365,W10_H01
W10,2025-05-05,H01,31,13,27410,0.000422737,1.904539548,W10_H01
W10,2025-05-06,H01,32,15,27395,0.000488011,2.00105273,W10_H01
W10,2025-05-07,H01,33,25,27370,0.000814014,2.097565913,W10_H01
W10,2025-05-08,H01,34,13,27357,0.000423467,2.220211528,W10_H01
W10,2025-05-09,H01,35,0,27357,0.0,2.342857143,W10_H01
W10,2025-05-10,H01,36,0,27357,0.0,2.234643516,W10_H01
W10,2025-05-03,H02,29,20,27851,0.000640123,1.71343194,W10_H02
W10,2025-05-04,H02,30,26,27825,0.000832853,1.79686388,W10_H02
W10,2025-05-05,H02,31,21,27804,0.000673142,1.88029582,W10_H02
W10,2025-05-06,H02,32,22,27782,0.000705694,1.96372776,W10_H02
W10,2025-05-07,H02,33,53,27729,0.001702975,2.0471597,W10_H02
W10,2025-05-08,H02,34,57,27672,0.001834862,1.995955797,W10_H02
W10,2025-05-09,H02,35,0,27672,0.0,2.060481548,W10_H02
W10,2025-05-10,H02,36,0,27672,0.0,2.125007299,W10_H02
W10,2025-05-03,H03,29,23,27236,0.000752741,1.717344465,W10_H03
W10,2025-05-04,H03,30,18,27218,0.000589449,1.809688931,W10_H03
W10,2025-05-05,H03,31,17,27201,0.000557012,1.902033396,W10_H03
W10,2025-05-06,H03,32,18,27183,0.000590125,1.994377862,W10_H03
W10,2025-05-07,H03,33,28,27155,0.000918816,2.086722327,W10_H03
W10,2025-05-08,H03,34,18,27137,0.000591017,2.218361163,W10_H03
W10,2025-05-09,H03,35,0,27137,0.0,2.35,W10_H03
W10,2025-05-10,H03,36,0,27137,0.0,2.235494988,W10_H03
W10,2025-05-03,H04,29,17,27890,0.000543357,1.734488554,W10_H04
W10,2025-05-04,H04,30,23,27867,0.00073567,1.818977108,W10_H04
W10,2025-05-05,H04,31,27,27840,0.00086436,1.903465662,W10_H04
W10,2025-05-06,H04,32,25,27815,0.000800974,1.987954216,W10_H04
W10,2025-05-07,H04,33,62,27753,0.001990369,2.07244277,W10_H04
W10,2025-05-08,H04,34,68,27685,0.002187761,2.015552156,W10_H04
W10,2025-05-09,H04,35,0,27685,0.0,2.080880858,W10_H04
W10,2025-05-10,H04,36,14,27671,0.000450624,2.14620956,W10_H04
W10,2025-05-03,H05,29,22,27285,0.000718743,1.74,W10_H05
W10,2025-05-04,H05,30,17,27268,0.000555701,1.82,W10_H05
W10,2025-05-05,H05,31,18,27250,0.000588736,1.924526676,W10_H05
W10,2025-05-06,H05,32,20,27230,0.000654579,2.029053353,W10_H05
W10,2025-05-07,H05,33,30,27200,0.000982833,2.133580029,W10_H05
W10,2025-05-08,H05,34,39,27161,0.001279318,2.238106706,W10_H05
W10,2025-05-09,H05,35,22,27139,0.000722188,2.342633382,W10_H05
W10,2025-05-10,H05,36,22,27117,0.00072271,2.220778331,W10_H05
W10,2025-05-03,H06,29,25,27546,0.000809009,1.771677019,W10_H06
W10,2025-05-04,H06,30,21,27525,0.00068003,1.863354037,W10_H06
W10,2025-05-05,H06,31,22,27503,0.00071292,1.954732023,W10_H06
W10,2025-05-06,H06,32,23,27480,0.000745881,2.046110008,W10_H06
W10,2025-05-07,H06,33,24,27456,0.000778917,2.137487994,W10_H06
W10,2025-05-08,H06,34,31,27425,0.001007115,2.228865979,W10_H06
W10,2025-05-09,H06,35,28,27397,0.00091048,2.341666667,W10_H06
W10,2025-05-10,H06,36,27,27370,0.000878735,2.277532904,W10_H06
W10,2025-05-03,H07,29,19,27345,0.000619377,1.695945946,W10_H07
W10,2025-05-04,H07,30,19,27326,0.000619761,1.786127386,W10_H07
W10,2025-05-05,H07,31,20,27306,0.000652805,1.876308826,W10_H07
W10,2025-05-06,H07,32,26,27280,0.000849368,1.966490266,W10_H07
W10,2025-05-07,H07,33,22,27258,0.000719213,2.056671707,W10_H07
W10,2025-05-08,H07,34,29,27229,0.000948953,2.146853147,W10_H07
W10,2025-05-09,H07,35,33,27196,0.00108101,2.070285646,W10_H07
W10,2025-05-10,H07,36,16,27180,0.000524401,2.135918083,W10_H07
W10,2025-04-05,H08,1,38,31954,0.001189209,0.047,W10_H08
W10,2025-04-06,H08,2,40,31914,0.001253368,0.071333333,W10_H08
W10,2025-04-07,H08,3,37,31877,0.001160711,0.095666667,W10_H08
W10,2025-04-08,H08,4,49,31828,0.001539525,0.12,W10_H08
W10,2025-04-09,H08,5,52,31776,0.001636455,0.144333333,W10_H08
W10,2025-04-10,H08,6,49,31727,0.001544426,0.168666667,W10_H08
W10,2025-04-11,H08,7,41,31686,0.001293947,0.193,W10_H08
W10,2025-04-12,H08,8,39,31647,0.001232344,0.237571429,W10_H08
W10,2025-04-13,H08,9,127,31520,0.004029188,0.282142857,W10_H08
W10,2025-04-14,H08,10,19,31501,0.000603155,0.326714286,W10_H08
W10,2025-04-15,H08,11,32,31469,0.001016874,0.371285714,W10_H08
W10,2025-04-16,H08,12,27,31442,0.000858724,0.415857143,W10_H08
W10,2025-04-17,H08,13,33,31409,0.001050654,0.460428571,W10_H08
W10,2025-04-18,H08,14,28,31381,0.00089226,0.505,W10_H08
W10,2025-04-19,H08,15,32,31349,0.001020766,0.577857143,W10_H08
W10,2025-04-20,H08,16,31,31318,0.000989846,0.650714286,W10_H08
W10,2025-04-21,H08,17,35,31283,0.001118819,0.723571429,W10_H08
W10,2025-04-22,H08,18,37,31246,0.001184152,0.796428571,W10_H08
W10,2025-04-23,H08,19,33,31213,0.001057252,0.869285714,W10_H08
W10,2025-04-24,H08,20,36,31177,0.001154697,0.942142857,W10_H08
W10,2025-04-25,H08,21,36,31141,0.001156032,1.015,W10_H08
W10,2025-04-26,H08,22,27,31114,0.000867777,1.113571429,W10_H08
W10,2025-04-27,H08,23,37,31077,0.001190591,1.212142857,W10_H08
W10,2025-04-28,H08,24,37,31040,0.00119201,1.310714286,W10_H08
W10,2025-04-29,H08,25,27,31013,0.000870603,1.409285714,W10_H08
W10,2025-04-30,H08,26,32,30981,0.001032891,1.507857143,W10_H08
W10,2025-05-01,H08,27,19,30962,0.000613655,1.606428571,W10_H08
W10,2025-05-02,H08,28,27,30935,0.000872798,1.705,W10_H08
W10,2025-05-03,H08,29,22,30913,0.000711675,1.804198842,W10_H08
W10,2025-05-04,H08,30,23,30890,0.000744578,1.903397683,W10_H08
W10,2025-05-05,H08,31,15,30875,0.00048583,2.002596525,W10_H08
W10,2025-05-06,H08,32,17,30858,0.000550911,2.101795367,W10_H08
W10,2025-05-07,H08,33,19,30839,0.000616103,2.200994208,W10_H08
W10,2025-05-08,H08,34,33,30806,0.00107122,2.30019305,W10_H08
W10,2025-05-09,H08,35,37,30769,0.001202509,2.176415848,W10_H08
W10,2025-05-10,H08,36,0,30769,0.0,2.245875868,W10_H08
W10,2025-05-01,H09,28,15,24031,0.000541321,1.67,W10_H09
W10,2025-05-02,H09,29,30,24001,0.001083815,1.761827815,W10_H09
W10,2025-05-03,H09,30,20,23981,0.000723066,1.853655629,W10_H09
W10,2025-05-04,H09,31,20,23961,0.000723589,1.945483444,W10_H09
W10,2025-05-05,H09,32,17,23944,0.000615429,2.037311258,W10_H09
W10,2025-05-06,H09,33,19,23925,0.000688306,2.129139073,W10_H09
W10,2025-05-07,H09,34,45,23880,0.00163286,2.183206107,W10_H09
W10,2025-05-08,H09,35,36,23844,0.001307997,2.348484848,W10_H09
W10,2025-05-09,H09,36,0,23844,0.0,2.272368672,W10_H09
W10,2025-05-10,H09,37,0,23844,0.0,2.343319722,W10_H09
W10,2025-05-01,H10,28,23,24858,0.000802372,1.71,W10_H10
W10,2025-05-02,H10,29,23,24835,0.000803017,1.816166667,W10_H10
W10,2025-05-03,H10,30,25,24810,0.000873607,1.922333333,W10_H10
W10,2025-05-04,H10,31,15,24795,0.000524439,2.0285,W10_H10
W10,2025-05-05,H10,32,23,24772,0.000804787,1.926632999,W10_H10
W10,2025-05-06,H10,33,0,24772,0.0,1.994014088,W10_H10
W10,2025-05-07,H10,34,0,24772,0.0,2.061395177,W10_H10
W10,2025-05-08,H10,35,0,24772,0.0,2.128776266,W10_H10
W10,2025-05-09,H10,36,0,24772,0.0,2.196157354,W10_H10
W10,2025-05-10,H10,37,0,24772,0.0,2.263538443,W10_H10
W10,2025-04-04,H11,1,40,34709,0.001152439,0.044,W10_H11
W10,2025-04-05,H11,2,45,34664,0.001298177,0.0695,W10_H11
W10,2025-04-06,H11,3,53,34611,0.001531305,0.095,W10_H11
W10,2025-04-07,H11,4,49,34562,0.001417742,0.1205,W10_H11
W10,2025-04-08,H11,5,50,34512,0.001448771,0.146,W10_H11
W10,2025-04-09,H11,6,39,34473,0.00113132,0.1715,W10_H11
W10,2025-04-10,H11,7,42,34431,0.001219831,0.197,W10_H11
W10,2025-04-11,H11,8,36,34395,0.001046664,0.241285714,W10_H11
W10,2025-04-12,H11,9,36,34359,0.00104776,0.285571429,W10_H11
W10,2025-04-13,H11,10,113,34246,0.003299655,0.329857143,W10_H11
W10,2025-04-14,H11,11,26,34220,0.00075979,0.374142857,W10_H11
W10,2025-04-15,H11,12,27,34193,0.000789635,0.418428571,W10_H11
W10,2025-04-16,H11,13,29,34164,0.000848847,0.462714286,W10_H11
W10,2025-04-17,H11,14,40,34124,0.001172196,0.507,W10_H11
W10,2025-04-18,H11,15,37,34087,0.001085458,0.576857143,W10_H11
W10,2025-04-19,H11,16,40,34047,0.001174847,0.646714286,W10_H11
W10,2025-04-20,H11,17,52,33995,0.001529637,0.716571429,W10_H11
W10,2025-04-21,H11,18,50,33945,0.001472971,0.786428571,W10_H11
W10,2025-04-22,H11,19,47,33898,0.001386512,0.856285714,W10_H11
W10,2025-04-23,H11,20,42,33856,0.001240548,0.926142857,W10_H11
W10,2025-04-24,H11,21,47,33809,0.001390162,0.996,W10_H11
W10,2025-04-25,H11,22,40,33769,0.001184518,1.088,W10_H11
W10,2025-04-26,H11,23,35,33734,0.001037529,1.18,W10_H11
W10,2025-04-27,H11,24,36,33698,0.001068313,1.272,W10_H11
W10,2025-04-28,H11,25,30,33668,0.000891054,1.364,W10_H11
W10,2025-04-29,H11,26,40,33628,0.001189485,1.456,W10_H11
W10,2025-04-30,H11,27,32,33596,0.000952494,1.548,W10_H11
W10,2025-05-01,H11,28,26,33570,0.000774501,1.64,W10_H11
W10,2025-05-02,H11,29,29,33541,0.000864613,1.725517241,W10_H11
W10,2025-05-03,H11,30,15,33526,0.000447414,1.811034483,W10_H11
W10,2025-05-04,H11,31,27,33499,0.000805994,1.896551724,W10_H11
W10,2025-05-05,H11,32,20,33479,0.000597389,1.970511413,W10_H11
W10,2025-05-06,H11,33,21,33458,0.000627653,2.044471103,W10_H11
W10,2025-05-07,H11,34,31,33427,0.000927394,2.118430792,W10_H11
W10,2025-05-08,H11,35,31,33396,0.000928255,2.237222005,W10_H11
W10,2025-05-09,H11,36,30,33366,0.000899119,2.382978723,W10_H11
W10,2025-05-10,H11,37,17,33349,0.00050976,2.309914033,W10_H11
W10,2025-05-01,H12,28,31,24685,0.001089018,1.7,W10_H12
W10,2025-05-02,H12,29,33,24652,0.001160623,1.806142098,W10_H12
W10,2025-05-03,H12,30,27,24625,0.000950503,1.912284197,W10_H12
W10,2025-05-04,H12,31,18,24607,0.000634071,2.018426295,W10_H12
W10,2025-05-05,H12,32,19,24588,0.000669745,1.91996769,W10_H12
W10,2025-05-06,H12,33,0,24588,0.0,1.987016355,W10_H12
W10,2025-05-07,H12,34,0,24588,0.0,2.05406502,W10_H12
W10,2025-05-08,H12,35,24,24564,0.00084671,2.121113685,W10_H12
W10,2025-05-09,H12,36,0,24564,0.0,2.18816235,W10_H12
W10,2025-05-10,H12,37,0,24564,0.0,2.255211015,W10_H12
W12,2025-05-14,H01,29,30,22770,0.000992096,1.702174574,W12_H01
W12,2025-05-15,H01,30,50,22720,0.001656232,1.779349148,W12_H01
W12,2025-05-16,H01,31,44,22676,0.001459612,1.856523723,W12_H01
W12,2025-05-17,H01,32,53,22623,0.001761265,1.933698297,W12_H01
W12,2025-05-18,H01,33,55,22568,0.001831075,2.010872871,W12_H01
W12,2025-05-19,H01,34,70,22498,0.002335903,2.088047445,W12_H01
W12,2025-05-20,H01,35,70,22428,0.002341372,2.165222019,W12_H01
W12,2025-05-21,H01,36,109,22319,0.003659192,2.242396594,W12_H01
W12,2025-05-22,H01,37,163,22156,0.00550211,2.319571168,W12_H01
W12,2025-05-23,H01,38,240,21916,0.008167432,2.396745742,W12_H01
W12,2025-05-24,H01,39,140,21776,0.004787143,2.473920316,W12_H01
W12,2025-05-25,H01,40,160,21616,0.005501117,2.551094891,W12_H01
W12,2025-05-14,H02,29,288,22830,0.009469946,1.573350664,W12_H02
W12,2025-05-15,H02,30,60,22770,0.001976805,1.633260198,W12_H02
W12,2025-05-16,H02,31,40,22730,0.001319609,1.693169731,W12_H02
W12,2025-05-17,H02,32,50,22680,0.001652237,1.753079265,W12_H02
W12,2025-05-18,H02,33,35,22645,0.001157905,1.812988799,W12_H02
W12,2025-05-19,H02,34,35,22610,0.001159247,1.872898332,W12_H02
W12,2025-05-20,H02,35,30,22580,0.000994629,1.932807866,W12_H02
W12,2025-05-21,H02,36,97,22483,0.003226343,1.9927174,W12_H02
W12,2025-05-22,H02,37,54,22429,0.00179934,2.052626933,W12_H02
W12,2025-05-23,H02,38,35,22394,0.001167601,2.112536467,W12_H02
W12,2025-05-24,H02,39,10,22384,0.000333712,2.172446001,W12_H02
W12,2025-05-25,H02,40,0,22384,0.0,2.232355534,W12_H02
W12,2025-05-14,H03,29,30,22204,0.001017122,1.660569401,W12_H03
W12,2025-05-15,H03,30,40,22164,0.001358004,1.736138801,W12_H03
W12,2025-05-16,H03,31,46,22118,0.001564147,1.811708202,W12_H03
W12,2025-05-17,H03,32,100,22018,0.003411921,1.887277603,W12_H03
W12,2025-05-18,H03,33,110,21908,0.003767252,1.962847003,W12_H03
W12,2025-05-19,H03,34,115,21793,0.003954064,2.038416404,W12_H03
W12,2025-05-20,H03,35,120,21673,0.004143074,2.113985804,W12_H03
W12,2025-05-21,H03,36,205,21468,0.007128203,2.189555205,W12_H03
W12,2025-05-22,H03,37,245,21223,0.00859227,2.265124606,W12_H03
W12,2025-05-23,H03,38,282,20941,0.009988665,2.340694006,W12_H03
W12,2025-05-24,H03,39,223,20718,0.007961727,2.460627178,W12_H03
W12,2025-05-25,H03,40,230,20488,0.008279636,2.414131308,W12_H03
W12,2025-05-14,H04,30,41,23310,0.001323947,1.704776333,W12_H04
W12,2025-05-15,H04,31,45,23265,0.001455228,1.784664499,W12_H04
W12,2025-05-16,H04,32,70,23195,0.002268823,1.864552666,W12_H04
W12,2025-05-17,H04,33,107,23088,0.003480127,1.944440832,W12_H04
W12,2025-05-18,H04,34,150,22938,0.004902602,2.024328999,W12_H04
W12,2025-05-19,H04,35,160,22778,0.005256933,2.104217165,W12_H04
W12,2025-05-20,H04,36,220,22558,0.007280911,2.184105331,W12_H04
W12,2025-05-21,H04,37,288,22270,0.009623095,2.263993498,W12_H04
W12,2025-05-22,H04,38,307,21963,0.010364269,2.343881664,W12_H04
W12,2025-05-23,H04,39,425,21538,0.014556789,2.423769831,W12_H04
W12,2025-05-24,H04,40,265,21273,0.009159725,2.340061709,W12_H04
W12,2025-04-17,H05,1,38,32805,0.00115836,0.047,W12_H05
W12,2025-04-18,H05,2,35,32770,0.00106805,0.0735,W12_H05
W12,2025-04-19,H05,3,48,32722,0.001466903,0.1,W12_H05
W12,2025-04-20,H05,4,50,32672,0.001530362,0.1265,W12_H05
W12,2025-04-21,H05,5,55,32617,0.001686237,0.153,W12_H05
W12,2025-04-22,H05,6,47,32570,0.001443046,0.1795,W12_H05
W12,2025-04-23,H05,7,50,32520,0.001537515,0.206,W12_H05
W12,2025-04-24,H05,8,44,32476,0.001354847,0.248714286,W12_H05
W12,2025-04-25,H05,9,126,32350,0.0038949,0.291428571,W12_H05
W12,2025-04-26,H05,10,46,32304,0.001423972,0.334142857,W12_H05
W12,2025-04-27,H05,11,35,32269,0.001084632,0.376857143,W12_H05
W12,2025-04-28,H05,12,41,32228,0.001272186,0.419571429,W12_H05
W12,2025-04-29,H05,13,30,32198,0.000931735,0.462285714,W12_H05
W12,2025-04-30,H05,14,26,32172,0.000808156,0.505,W12_H05
W12,2025-05-01,H05,15,30,32142,0.000933358,0.575714286,W12_H05
W12,2025-05-02,H05,16,35,32107,0.001090105,0.646428571,W12_H05
W12,2025-05-03,H05,17,32,32075,0.000997662,0.717142857,W12_H05
W12,2025-05-04,H05,18,35,32040,0.001092385,0.787857143,W12_H05
W12,2025-05-05,H05,19,42,31998,0.001312582,0.858571429,W12_H05
W12,2025-05-06,H05,20,43,31955,0.001345642,0.929285714,W12_H05
W12,2025-05-07,H05,21,47,31908,0.001472985,1.0,W12_H05
W12,2025-05-08,H05,22,45,31863,0.001412296,1.071428571,W12_H05
W12,2025-05-09,H05,23,48,31815,0.001508722,1.142857143,W12_H05
W12,2025-05-10,H05,24,42,31773,0.001321877,1.214285714,W12_H05
W12,2025-05-11,H05,25,38,31735,0.001197416,1.285714286,W12_H05
W12,2025-05-12,H05,26,58,31677,0.001830981,1.357142857,W12_H05
W12,2025-05-13,H05,27,63,31614,0.001992788,1.428571429,W12_H05
W12,2025-05-14,H05,28,80,31534,0.002536944,1.5,W12_H05
W12,2025-05-15,H05,29,140,31394,0.004459451,1.61875,W12_H05
W12,2025-05-16,H05,30,160,31234,0.005122623,1.7375,W12_H05
W12,2025-05-17,H05,31,246,30988,0.007938557,1.807228743,W12_H05
W12,2025-05-18,H05,32,250,30738,0.008133255,1.876957485,W12_H05
W12,2025-05-19,H05,33,210,30528,0.006878931,1.946686228,W12_H05
W12,2025-05-20,H05,34,233,30295,0.007691038,2.01641497,W12_H05
W12,2025-05-21,H05,35,311,29984,0.010372199,1.971899421,W12_H05
W12,2025-05-22,H05,36,411,29573,0.013897812,2.033639248,W12_H05
W12,2025-05-23,H05,37,85,29488,0.002882528,2.095379075,W12_H05
W12,2025-05-24,H05,38,20,29468,0.000678702,2.157118902,W12_H05
W12,2025-05-25,H05,39,0,29468,0.0,2.218858729,W12_H05
W12,2025-05-26,H05,40,0,29468,0.0,2.280598556,W12_H05
W12,2025-05-13,H06,29,46,25187,0.001557527,1.709897892,W12_H06
W12,2025-05-14,H06,30,52,25135,0.001763788,1.794795784,W12_H06
W12,2025-05-15,H06,31,50,25085,0.001698831,1.879693676,W12_H06
W12,2025-05-16,H06,32,80,25005,0.002725538,1.964591568,W12_H06
W12,2025-05-17,H06,33,204,24801,0.006998765,2.04948946,W12_H06
W12,2025-05-18,H06,34,240,24561,0.0083022,2.134387352,W12_H06
W12,2025-05-19,H06,35,250,24311,0.008723568,2.213522609,W12_H06
W12,2025-05-20,H06,36,280,24031,0.009866798,2.292657867,W12_H06
W12,2025-05-21,H06,37,234,23797,0.008314383,2.371793124,W12_H06
W12,2025-05-22,H06,38,234,23563,0.008384092,2.450928382,W12_H06
W12,2025-05-23,H06,39,290,23273,0.010499638,2.397787625,W12_H06
W12,2025-05-24,H06,40,10,23263,0.000362188,2.465642992,W12_H06
W12,2025-05-19,H07,33,150,26826,0.005057998,1.680579084,W12_H07
W12,2025-05-20,H07,34,60,26766,0.002027301,1.735312014,W12_H07
W12,2025-05-21,H07,35,93,26673,0.003152222,1.790044944,W12_H07
W12,2025-05-22,H07,36,20,26653,0.000678357,1.844777874,W12_H07
W12,2025-05-23,H07,37,10,26643,0.000339294,1.899510804,W12_H07
W12,2025-05-24,H07,38,5,26638,0.000169676,1.954243734,W12_H07
W12,2025-05-25,H07,39,5,26633,0.000169704,2.008976664,W12_H07
W12,2025-05-26,H07,40,0,26633,0.0,2.063709594,W12_H07
W12,2025-05-13,H08,29,42,25101,0.001427018,1.66580589,W12_H08
W12,2025-05-14,H08,30,52,25049,0.001769912,1.74161178,W12_H08
W12,2025-05-15,H08,31,85,24964,0.002901519,1.817417671,W12_H08
W12,2025-05-16,H08,32,80,24884,0.002738319,1.893223561,W12_H08
W12,2025-05-17,H08,33,120,24764,0.00412442,1.969029451,W12_H08
W12,2025-05-18,H08,34,180,24584,0.006225143,2.044835341,W12_H08
W12,2025-05-19,H08,35,200,24384,0.006965001,2.120641232,W12_H08
W12,2025-05-20,H08,36,200,24184,0.007013852,2.196447122,W12_H08
W12,2025-05-21,H08,37,277,23907,0.009809477,2.272253012,W12_H08
W12,2025-05-22,H08,38,322,23585,0.011534604,2.348058902,W12_H08
W12,2025-05-23,H08,39,378,23207,0.013726487,2.429292929,W12_H08
W12,2025-05-24,H08,40,257,22950,0.009420476,2.405384492,W12_H08
W12,2025-04-17,H09,1,39,34611,0.001126809,0.046,W12_H09
W12,2025-04-18,H09,2,35,34576,0.001012263,0.071666667,W12_H09
W12,2025-04-19,H09,3,67,34509,0.001941523,0.097333333,W12_H09
W12,2025-04-20,H09,4,70,34439,0.002032579,0.123,W12_H09
W12,2025-04-21,H09,5,76,34363,0.002211681,0.148666667,W12_H09
W12,2025-04-22,H09,6,117,34246,0.003416457,0.174333333,W12_H09
W12,2025-04-23,H09,7,122,34124,0.003575196,0.2,W12_H09
W12,2025-04-24,H09,8,95,34029,0.002791736,0.242857143,W12_H09
W12,2025-04-25,H09,9,185,33844,0.005466257,0.285714286,W12_H09
W12,2025-04-26,H09,10,75,33769,0.002220972,0.328571429,W12_H09
W12,2025-04-27,H09,11,50,33719,0.001482844,0.371428571,W12_H09
W12,2025-04-28,H09,12,56,33663,0.001663548,0.414285714,W12_H09
W12,2025-04-29,H09,13,40,33623,0.001189662,0.457142857,W12_H09
W12,2025-04-30,H09,14,36,33587,0.001071843,0.5,W12_H09
W12,2025-05-01,H09,15,40,33547,0.001192357,0.568571429,W12_H09
W12,2025-05-02,H09,16,42,33505,0.001253544,0.637142857,W12_H09
W12,2025-05-03,H09,17,0,33505,0.0,0.705714286,W12_H09
W12,2025-05-04,H09,18,40,33465,0.001195279,0.774285714,W12_H09
W12,2025-05-05,H09,19,35,33430,0.001046964,0.842857143,W12_H09
W12,2025-05-06,H09,20,33,33397,0.000988113,0.911428571,W12_H09
W12,2025-05-07,H09,21,31,33366,0.000929089,0.98,W12_H09
W12,2025-05-08,H09,22,29,33337,0.000869904,1.054285714,W12_H09
W12,2025-05-09,H09,23,32,33305,0.000960817,1.128571429,W12_H09
W12,2025-05-10,H09,24,34,33271,0.001021911,1.202857143,W12_H09
W12,2025-05-11,H09,25,37,33234,0.001113318,1.277142857,W12_H09
W12,2025-05-12,H09,26,26,33208,0.000782944,1.351428571,W12_H09
W12,2025-05-13,H09,27,45,33163,0.001356934,1.425714286,W12_H09
W12,2025-05-14,H09,28,50,33113,0.001509981,1.5,W12_H09
W12,2025-05-15,H09,29,90,33023,0.002725373,1.613,W12_H09
W12,2025-05-16,H09,30,120,32903,0.003647084,1.726,W12_H09
W12,2025-05-17,H09,31,142,32761,0.004334422,1.791909605,W12_H09
W12,2025-05-18,H09,32,185,32576,0.005679028,1.857819209,W12_H09
W12,2025-05-19,H09,33,190,32386,0.005866733,1.923728814,W12_H09
W12,2025-05-20,H09,34,215,32171,0.006683038,2.019455253,W12_H09
W12,2025-05-21,H09,35,331,31840,0.010395729,2.088697017,W12_H09
W12,2025-05-22,H09,36,390,31450,0.012400636,2.11875,W12_H09
W12,2025-05-23,H09,37,343,31107,0.011026457,2.148510882,W12_H09
W12,2025-05-24,H09,38,10,31097,0.000321574,2.212499261,W12_H09
W12,2025-05-25,H09,39,10,31087,0.000321678,2.276487641,W12_H09
W12,2025-05-26,H09,40,190,30897,0.006149464,2.340476021,W12_H09
W12,2025-05-13,H10,29,52,24577,0.001804365,1.674278933,W12_H10
W12,2025-05-14,H10,30,80,24497,0.002783674,1.758557866,W12_H10
W12,2025-05-15,H10,31,110,24387,0.003842258,1.8428368,W12_H10
W12,2025-05-16,H10,32,111,24276,0.003892279,1.927115733,W12_H10
W12,2025-05-17,H10,33,152,24124,0.005358528,2.011394666,W12_H10
W12,2025-05-18,H10,34,150,23974,0.005316133,2.095673599,W12_H10
W12,2025-05-19,H10,35,160,23814,0.00570288,2.179952533,W12_H10
W12,2025-05-20,H10,36,165,23649,0.005915887,2.264231466,W12_H10
W12,2025-05-21,H10,37,215,23434,0.007768464,2.348510399,W12_H10
W12,2025-05-22,H10,38,218,23216,0.007939398,2.255055995,W12_H10
W12,2025-05-23,H10,39,180,23036,0.006598724,2.320304541,W12_H10
W12,2025-05-24,H10,40,20,23016,0.00073373,2.385553088,W12_H10
W12,2025-04-17,H11,1,40,34724,0.001151941,0.046,W12_H11
W12,2025-04-18,H11,2,39,34685,0.001124405,0.071666667,W12_H11
W12,2025-04-19,H11,3,70,34615,0.002022245,0.097333333,W12_H11
W12,2025-04-20,H11,4,73,34542,0.002113369,0.123,W12_H11
W12,2025-04-21,H11,5,78,34464,0.002263231,0.148666667,W12_H11
W12,2025-04-22,H11,6,123,34341,0.003581724,0.174333333,W12_H11
W12,2025-04-23,H11,7,126,34215,0.003682595,0.2,W12_H11
W12,2025-04-24,H11,8,98,34117,0.002872468,0.242857143,W12_H11
W12,2025-04-25,H11,9,183,33934,0.005392821,0.285714286,W12_H11
W12,2025-04-26,H11,10,71,33863,0.002096684,0.328571429,W12_H11
W12,2025-04-27,H11,11,54,33809,0.001597208,0.371428571,W12_H11
W12,2025-04-28,H11,12,60,33749,0.00177783,0.414285714,W12_H11
W12,2025-04-29,H11,13,45,33704,0.001335153,0.457142857,W12_H11
W12,2025-04-30,H11,14,41,33663,0.001217954,0.5,W12_H11
W12,2025-05-01,H11,15,45,33618,0.001338569,0.570714286,W12_H11
W12,2025-05-02,H11,16,41,33577,0.001221074,0.641428571,W12_H11
W12,2025-05-03,H11,17,39,33538,0.00116286,0.712142857,W12_H11
W12,2025-05-04,H11,18,42,33496,0.001253881,0.782857143,W12_H11
W12,2025-05-05,H11,19,32,33464,0.000956251,0.853571429,W12_H11
W12,2025-05-06,H11,20,35,33429,0.001046995,0.924285714,W12_H11
W12,2025-05-07,H11,21,45,33384,0.001347951,0.995,W12_H11
W12,2025-05-08,H11,22,37,33347,0.001109545,1.078571429,W12_H11
W12,2025-05-09,H11,23,40,33307,0.001200949,1.162142857,W12_H11
W12,2025-05-10,H11,24,34,33273,0.00102185,1.245714286,W12_H11
W12,2025-05-11,H11,25,36,33237,0.00108313,1.329285714,W12_H11
W12,2025-05-12,H11,26,33,33204,0.000993856,1.412857143,W12_H11
W12,2025-05-13,H11,27,41,33163,0.001236318,1.496428571,W12_H11
W12,2025-05-14,H11,28,100,33063,0.003024529,1.58,W12_H11
W12,2025-05-15,H11,29,130,32933,0.003947408,1.649360274,W12_H11
W12,2025-05-16,H11,30,210,32723,0.006417505,1.718720549,W12_H11
W12,2025-05-17,H11,31,139,32584,0.004265897,1.788080823,W12_H11
W12,2025-05-18,H11,32,211,32373,0.006517777,1.857441098,W12_H11
W12,2025-05-19,H11,33,230,32143,0.007155524,1.926801372,W12_H11
W12,2025-05-20,H11,34,280,31863,0.008787622,1.996097512,W12_H11
W12,2025-05-21,H11,35,435,31428,0.013841161,2.065393652,W12_H11
W12,2025-05-22,H11,36,254,31174,0.008147815,2.134689792,W12_H11
W12,2025-05-23,H11,37,323,30851,0.010469677,2.203985932,W12_H11
W12,2025-05-24,H11,38,197,30654,0.006426567,2.305163362,W12_H11
W12,2025-05-25,H11,39,65,30589,0.002124947,2.406340792,W12_H11
W12,2025-05-26,H11,40,220,30369,0.007244229,2.507518222,W12_H11
W12,2025-05-13,H12,29,38,24493,0.001323166,1.701666934,W12_H12
W12,2025-05-14,H12,30,30,24463,0.001045697,1.788333867,W12_H12
W12,2025-05-15,H12,31,45,24418,0.00157101,1.875000801,W12_H12
W12,2025-05-16,H12,32,50,24368,0.001748619,1.961667735,W12_H12
W12,2025-05-17,H12,33,42,24326,0.001471,2.048334668,W12_H12
W12,2025-05-18,H12,34,95,24231,0.00333837,2.135001602,W12_H12
W12,2025-05-19,H12,35,90,24141,0.003172701,2.221668535,W12_H12
W12,2025-05-20,H12,36,90,24051,0.003182799,2.308335469,W12_H12
W12,2025-05-21,H12,37,195,23856,0.00694395,2.395002403,W12_H12
W12,2025-05-22,H12,38,192,23664,0.006884188,2.293611538,W12_H12
W12,2025-05-23,H12,39,35,23629,0.001256507,2.360100429,W12_H12
W12,2025-05-24,H12,40,16,23613,0.000574733,2.426589319,W12_H12
W13,2025-05-17,H01,30,55,25443,0.00191311,1.791891892,W13_H01
W13,2025-05-18,H01,31,69,25374,0.002405858,1.857050529,W13_H01
W13,2025-05-19,H01,32,121,25253,0.004236843,1.922209166,W13_H01
W13,2025-05-20,H01,33,112,25141,0.003937146,1.987367803,W13_H01
W13,2025-05-21,H01,34,149,24992,0.00526539,2.052526439,W13_H01
W13,2025-05-22,H01,35,164,24828,0.005829246,2.117685076,W13_H01
W13,2025-05-23,H01,36,197,24631,0.00705158,2.182843713,W13_H01
W13,2025-05-24,H01,37,189,24442,0.006811302,2.24800235,W13_H01
W13,2025-05-25,H01,38,197,24245,0.007150376,2.313160987,W13_H01
W13,2025-05-26,H01,39,250,23995,0.009157174,2.378319624,W13_H01
W13,2025-05-19,H02,31,70,28286,0.002239212,1.683506129,W13_H02
W13,2025-05-20,H02,32,83,28203,0.002662134,1.780710888,W13_H02
W13,2025-05-21,H02,33,90,28113,0.002895008,1.877915647,W13_H02
W13,2025-05-22,H02,34,55,28058,0.001772307,1.975120405,W13_H02
W13,2025-05-23,H02,35,82,27976,0.002649349,2.072325164,W13_H02
W13,2025-05-24,H02,36,85,27891,0.002753839,2.171876868,W13_H02
W13,2025-05-25,H02,37,45,27846,0.001460043,2.271428571,W13_H02
W13,2025-05-26,H02,38,40,27806,0.001299503,2.146107332,W13_H02
W13,2025-05-17,H03,30,102,25294,0.003568055,1.762318841,W13_H03
W13,2025-05-18,H03,31,120,25174,0.004215407,1.844917279,W13_H03
W13,2025-05-19,H03,32,110,25064,0.003879113,1.927515718,W13_H03
W13,2025-05-20,H03,33,180,24884,0.006388189,2.010114157,W13_H03
W13,2025-05-21,H03,34,215,24669,0.007689007,2.092712596,W13_H03
W13,2025-05-22,H03,35,193,24476,0.006950196,2.175311034,W13_H03
W13,2025-05-23,H03,36,211,24265,0.007656579,2.257909473,W13_H03
W13,2025-05-24,H03,37,212,24053,0.007752505,2.340507912,W13_H03
W13,2025-05-25,H03,38,289,23764,0.010681155,2.42310635,W13_H03
W13,2025-05-26,H03,39,320,23444,0.011968433,2.328959428,W13_H03
W13,2025-05-17,H04,29,47,27322,0.001522464,1.646917808,W13_H04
W13,2025-05-18,H04,30,100,27222,0.003249813,1.743835616,W13_H04
W13,2025-05-19,H04,31,66,27156,0.002149487,1.816664591,W13_H04
W13,2025-05-20,H04,32,112,27044,0.003660968,1.889493566,W13_H04
W13,2025-05-21,H04,33,113,26931,0.003707349,1.96232254,W13_H04
W13,2025-05-22,H04,34,90,26841,0.0029615,2.035151515,W13_H04
W13,2025-05-23,H04,35,141,26700,0.004661311,2.204486626,W13_H04
W13,2025-05-24,H04,36,112,26588,0.003716362,2.120388068,W13_H04
W13,2025-05-25,H04,37,50,26538,0.001661847,2.185884939,W13_H04
W13,2025-05-26,H04,38,70,26468,0.002332012,2.25138181,W13_H04
W13,2025-05-17,H05,30,84,25368,0.002930096,1.764202899,W13_H05
W13,2025-05-18,H05,31,108,25260,0.003781513,1.851304348,W13_H05
W13,2025-05-19,H05,32,97,25163,0.003407933,1.938405797,W13_H05
W13,2025-05-20,H05,33,143,25020,0.005049435,2.025507246,W13_H05
W13,2025-05-21,H05,34,126,24894,0.004469036,2.112608696,W13_H05
W13,2025-05-22,H05,35,175,24719,0.006245762,2.199710145,W13_H05
W13,2025-05-23,H05,36,159,24560,0.005707107,2.286811594,W13_H05
W13,2025-05-24,H05,37,213,24347,0.007704272,2.373913043,W13_H05
W13,2025-05-25,H05,38,325,24022,0.011895176,2.396345599,W13_H05
W13,2025-05-26,H05,39,340,23682,0.012600993,2.418778155,W13_H05
W13,2025-05-17,H06,30,55,25346,0.001920391,1.767361797,W13_H06
W13,2025-05-18,H06,31,62,25284,0.002169501,1.853090941,W13_H06
W13,2025-05-19,H06,32,73,25211,0.002560954,1.938820085,W13_H06
W13,2025-05-20,H06,33,59,25152,0.002074105,2.024549229,W13_H06
W13,2025-05-21,H06,34,47,25105,0.001654988,2.110278373,W13_H06
W13,2025-05-22,H06,35,66,25039,0.002329439,2.191704036,W13_H06
W13,2025-05-23,H06,36,138,24901,0.004894485,2.28661507,W13_H06
W13,2025-05-24,H06,37,54,24847,0.001918908,2.381526104,W13_H06
W13,2025-05-25,H06,38,32,24815,0.001138425,2.324434883,W13_H06
W13,2025-05-26,H06,39,30,24785,0.001068414,2.392624388,W13_H06
W13,2025-05-17,H07,30,263,25151,0.009245588,1.726392838,W13_H07
W13,2025-05-18,H07,31,308,24843,0.010946052,1.79704797,W13_H07
W13,2025-05-19,H07,32,305,24538,0.010958215,1.858021135,W13_H07
W13,2025-05-20,H07,33,315,24223,0.011447053,1.9189943,W13_H07
W13,2025-05-21,H07,34,295,23928,0.010836425,1.979967464,W13_H07
W13,2025-05-22,H07,35,310,23618,0.011518597,2.040940629,W13_H07
W13,2025-05-23,H07,36,272,23346,0.010209827,2.101913793,W13_H07
W13,2025-05-24,H07,37,180,23166,0.006802464,2.162886958,W13_H07
W13,2025-05-25,H07,38,183,22983,0.006964,2.223860122,W13_H07
W13,2025-05-26,H07,39,84,22899,0.003206841,2.284833287,W13_H07
W13,2025-05-17,H08,30,29,25403,0.001010418,1.775388158,W13_H08
W13,2025-05-18,H08,31,30,25373,0.001046353,1.860980398,W13_H08
W13,2025-05-19,H08,32,19,25354,0.00066313,1.946572638,W13_H08
W13,2025-05-20,H08,33,32,25322,0.001118099,2.032164877,W13_H08
W13,2025-05-21,H08,34,27,25295,0.000944287,2.117757117,W13_H08
W13,2025-05-22,H08,35,50,25245,0.001751743,2.203349357,W13_H08
W13,2025-05-23,H08,36,45,25200,0.001579058,2.288941597,W13_H08
W13,2025-05-24,H08,37,49,25151,0.00172238,2.374533837,W13_H08
W13,2025-05-25,H08,38,100,25051,0.003527461,2.460126076,W13_H08
W13,2025-05-26,H08,39,90,24961,0.003184826,2.545718316,W13_H08
W13,2025-05-17,H09,30,550,24343,0.019948497,1.678985507,W13_H09
W13,2025-05-18,H09,31,318,24025,0.01166844,1.751111287,W13_H09
W13,2025-05-19,H09,32,401,23624,0.014933711,1.823237068,W13_H09
W13,2025-05-20,H09,33,247,23377,0.009283969,1.895362848,W13_H09
W13,2025-05-21,H09,34,251,23126,0.009524171,1.967488628,W13_H09
W13,2025-05-22,H09,35,243,22883,0.009306423,2.039614408,W13_H09
W13,2025-05-23,H09,36,273,22610,0.010565833,2.111740188,W13_H09
W13,2025-05-24,H09,37,200,22410,0.007800921,2.183865968,W13_H09
W13,2025-05-25,H09,38,208,22202,0.008179316,2.255991749,W13_H09
W13,2025-05-26,H09,39,92,22110,0.00363091,2.328117529,W13_H09
W13,2025-04-17,H10,1,30,32175,0.000932401,0.043,W13_H10
W13,2025-04-18,H10,2,28,32147,0.000870999,0.0675,W13_H10
W13,2025-04-19,H10,3,33,32114,0.001027589,0.092,W13_H10
W13,2025-04-20,H10,4,37,32077,0.001153474,0.1165,W13_H10
W13,2025-04-21,H10,5,41,32036,0.00127981,0.141,W13_H10
W13,2025-04-22,H10,6,43,31993,0.001344044,0.1655,W13_H10
W13,2025-04-23,H10,7,73,31920,0.002286967,0.19,W13_H10
W13,2025-04-24,H10,8,45,31875,0.001411765,0.232142857,W13_H10
W13,2025-04-25,H10,9,35,31840,0.001099246,0.274285714,W13_H10
W13,2025-04-26,H10,10,120,31720,0.003783102,0.316428571,W13_H10
W13,2025-04-27,H10,11,38,31682,0.001199419,0.358571429,W13_H10
W13,2025-04-28,H10,12,33,31649,0.001042687,0.400714286,W13_H10
W13,2025-04-29,H10,13,29,31620,0.000917141,0.442857143,W13_H10
W13,2025-04-30,H10,14,36,31584,0.001139818,0.485,W13_H10
W13,2025-05-01,H10,15,60,31524,0.001903312,0.555714286,W13_H10
W13,2025-05-02,H10,16,44,31480,0.001397713,0.626428571,W13_H10
W13,2025-05-03,H10,17,41,31439,0.001304113,0.697142857,W13_H10
W13,2025-05-04,H10,18,44,31395,0.001401497,0.767857143,W13_H10
W13,2025-05-05,H10,19,37,31358,0.001179922,0.838571429,W13_H10
W13,2025-05-06,H10,20,35,31323,0.00111739,0.909285714,W13_H10
W13,2025-05-07,H10,21,32,31291,0.001022658,0.98,W13_H10
W13,2025-05-08,H10,22,28,31263,0.000895627,1.065714286,W13_H10
W13,2025-05-09,H10,23,25,31238,0.000800307,1.151428571,W13_H10
W13,2025-05-10,H10,24,23,31215,0.000736825,1.237142857,W13_H10
W13,2025-05-11,H10,25,22,31193,0.000705286,1.322857143,W13_H10
W13,2025-05-12,H10,26,23,31170,0.000737889,1.408571429,W13_H10
W13,2025-05-13,H10,27,21,31149,0.000674179,1.494285714,W13_H10
W13,2025-05-14,H10,28,22,31127,0.000706782,1.58,W13_H10
W13,2025-05-15,H10,29,22,31105,0.000707282,1.653884298,W13_H10
W13,2025-05-16,H10,30,18,31087,0.00057902,1.727768595,W13_H10
W13,2025-05-17,H10,31,24,31063,0.000772623,1.801652893,W13_H10
W13,2025-05-18,H10,32,32,31031,0.001031227,1.87553719,W13_H10
W13,2025-05-19,H10,33,26,31005,0.000838574,1.949421488,W13_H10
W13,2025-05-20,H10,34,54,30951,0.001744693,2.023305785,W13_H10
W13,2025-05-21,H10,35,70,30881,0.002266766,2.097190083,W13_H10
W13,2025-05-22,H10,36,59,30822,0.001914217,2.17107438,W13_H10
W13,2025-05-23,H10,37,60,30762,0.001950458,2.244958678,W13_H10
W13,2025-05-24,H10,38,55,30707,0.001791123,2.318842975,W13_H10
W13,2025-05-25,H10,39,47,30660,0.001532942,2.392727273,W13_H10
W13,2025-05-26,H10,40,100,30560,0.003272251,2.546409807,W13_H10
W13,2025-04-17,H11,1,27,30366,0.000889152,0.048,W13_H11
W13,2025-04-18,H11,2,43,30323,0.001418065,0.0725,W13_H11
W13,2025-04-19,H11,3,47,30276,0.001552385,0.097,W13_H11
W13,2025-04-20,H11,4,45,30231,0.001488538,0.1215,W13_H11
W13,2025-04-21,H11,5,48,30183,0.001590299,0.146,W13_H11
W13,2025-04-22,H11,6,46,30137,0.001526363,0.1705,W13_H11
W13,2025-04-23,H11,7,64,30073,0.002128155,0.195,W13_H11
W13,2025-04-24,H11,8,42,30031,0.001398555,0.238571429,W13_H11
W13,2025-04-25,H11,9,37,29994,0.00123358,0.282142857,W13_H11
W13,2025-04-26,H11,10,118,29876,0.003949659,0.325714286,W13_H11
W13,2025-04-27,H11,11,37,29839,0.001239988,0.369285714,W13_H11
W13,2025-04-28,H11,12,35,29804,0.001174339,0.412857143,W13_H11
W13,2025-04-29,H11,13,32,29772,0.001074835,0.456428571,W13_H11
W13,2025-04-30,H11,14,41,29731,0.001379032,0.5,W13_H11
W13,2025-05-01,H11,15,41,29690,0.001380936,0.571428571,W13_H11
W13,2025-05-02,H11,16,43,29647,0.0014504,0.642857143,W13_H11
W13,2025-05-03,H11,17,34,29613,0.001148144,0.714285714,W13_H11
W13,2025-05-04,H11,18,38,29575,0.001284869,0.785714286,W13_H11
W13,2025-05-05,H11,19,32,29543,0.001083167,0.857142857,W13_H11
W13,2025-05-06,H11,20,31,29512,0.00105042,0.928571429,W13_H11
W13,2025-05-07,H11,21,28,29484,0.000949668,1.0,W13_H11
W13,2025-05-08,H11,22,31,29453,0.001052524,1.087142857,W13_H11
W13,2025-05-09,H11,23,28,29425,0.000951572,1.174285714,W13_H11
W13,2025-05-10,H11,24,26,29399,0.000884384,1.261428571,W13_H11
W13,2025-05-11,H11,25,24,29375,0.000817021,1.348571429,W13_H11
W13,2025-05-12,H11,26,26,29349,0.00088589,1.435714286,W13_H11
W13,2025-05-13,H11,27,28,29321,0.000954947,1.522857143,W13_H11
W13,2025-05-14,H11,28,24,29297,0.000819197,1.61,W13_H11
W13,2025-05-15,H11,29,24,29273,0.000819868,1.696085409,W13_H11
W13,2025-05-16,H11,30,21,29252,0.0007179,1.782170819,W13_H11
W13,2025-05-17,H11,31,31,29221,0.001060881,1.868256228,W13_H11
W13,2025-05-18,H11,32,26,29195,0.000890563,1.954341637,W13_H11
W13,2025-05-19,H11,33,27,29168,0.000925672,2.040427046,W13_H11
W13,2025-05-20,H11,34,50,29118,0.001717151,2.126512456,W13_H11
W13,2025-05-21,H11,35,40,29078,0.00137561,2.212597865,W13_H11
W13,2025-05-22,H11,36,40,29038,0.001377505,2.298683274,W13_H11
W13,2025-05-23,H11,37,51,28987,0.001759409,2.384768683,W13_H11
W13,2025-05-24,H11,38,62,28925,0.002143475,2.470854093,W13_H11
W13,2025-05-25,H11,39,67,28858,0.002321713,2.556939502,W13_H11
W13,2025-05-26,H11,40,84,28774,0.002919302,2.966666667,W13_H11
W13,2025-05-17,H12,31,26,26469,0.00086942,1.690540541,W13_H12
W13,2025-05-18,H12,32,64,26405,0.0021447,1.777706078,W13_H12
W13,2025-05-19,H12,33,100,26305,0.003362362,1.864871615,W13_H12
W13,2025-05-20,H12,34,140,26165,0.00472957,1.952037152,W13_H12
W13,2025-05-21,H12,35,119,26046,0.004036361,2.039202689,W13_H12
W13,2025-05-22,H12,36,133,25913,0.004531671,2.126368226,W13_H12
W13,2025-05-23,H12,37,151,25762,0.005171587,2.213533764,W13_H12
W13,2025-05-24,H12,38,162,25600,0.005579281,2.300699301,W13_H12
W13,2025-05-25,H12,39,179,25421,0.006203001,2.345,W13_H12
W13,2025-05-26,H12,40,260,25161,0.009091863,2.422746781,W13_H12
W17,2025-05-19,H01,29,47,28611,0.001486495,1.720547945,W17_H01
W17,2025-05-20,H01,30,48,28563,0.001520431,1.809069935,W17_H01
W17,2025-05-21,H01,31,93,28470,0.002954538,1.897591925,W17_H01
W17,2025-05-22,H01,32,51,28419,0.00162286,1.986113915,W17_H01
W17,2025-05-23,H01,33,69,28350,0.002200466,2.074635905,W17_H01
W17,2025-05-24,H01,34,81,28269,0.002589845,2.163157895,W17_H01
W17,2025-05-25,H01,35,75,28194,0.002403769,2.217152882,W17_H01
W17,2025-05-26,H01,36,72,28122,0.002312956,2.27114787,W17_H01
W17,2025-05-19,H02,30,47,27275,0.001559286,1.69220244,W17_H02
W17,2025-05-20,H02,31,93,27182,0.003094945,1.76330366,W17_H02
W17,2025-05-21,H02,32,70,27112,0.002334968,1.83440488,W17_H02
W17,2025-05-22,H02,33,137,26975,0.004590845,1.9055061,W17_H02
W17,2025-05-23,H02,34,115,26860,0.003868537,1.976607319,W17_H02
W17,2025-05-24,H02,35,180,26680,0.006091989,2.047708539,W17_H02
W17,2025-05-25,H02,36,120,26560,0.004077888,2.118809759,W17_H02
W17,2025-05-26,H02,37,80,26480,0.002726003,2.189910979,W17_H02
W17,2025-05-19,H03,29,31,28657,0.000978937,1.712328767,W17_H03
W17,2025-05-20,H03,30,41,28616,0.001296402,1.818790052,W17_H03
W17,2025-05-21,H03,31,66,28550,0.002091255,1.925251338,W17_H03
W17,2025-05-22,H03,32,55,28495,0.001745755,2.031712623,W17_H03
W17,2025-05-23,H03,33,54,28441,0.001716957,2.138173908,W17_H03
W17,2025-05-24,H03,34,55,28386,0.001751816,2.244635193,W17_H03
W17,2025-05-25,H03,35,75,28311,0.00239456,2.417136726,W17_H03
W17,2025-05-26,H03,36,10,28301,0.000319377,2.589638259,W17_H03
W17,2025-05-19,H04,30,82,27149,0.002732787,1.752054795,W17_H04
W17,2025-05-20,H04,31,125,27024,0.00418326,1.816206584,W17_H04
W17,2025-05-21,H04,32,445,26579,0.015117543,1.880358373,W17_H04
W17,2025-05-22,H04,33,160,26419,0.005465227,1.944510162,W17_H04
W17,2025-05-23,H04,34,105,26314,0.003599465,2.008661951,W17_H04
W17,2025-05-24,H04,35,145,26169,0.004995521,2.07281374,W17_H04
W17,2025-05-25,H04,36,71,26098,0.002452081,2.136965529,W17_H04
W17,2025-05-26,H04,37,15,26083,0.000518314,2.201117318,W17_H04
W17,2025-05-19,H05,29,19,27846,0.000617485,1.701369863,W17_H05
W17,2025-05-20,H05,30,55,27791,0.001790656,1.783128873,W17_H05
W17,2025-05-21,H05,31,46,27745,0.001499886,1.864887884,W17_H05
W17,2025-05-22,H05,32,55,27690,0.001796564,1.946646894,W17_H05
W17,2025-05-23,H05,33,88,27602,0.002882788,2.028405905,W17_H05
W17,2025-05-24,H05,34,44,27558,0.001443475,2.110164915,W17_H05
W17,2025-05-25,H05,35,91,27467,0.002994308,2.191923926,W17_H05
W17,2025-05-26,H05,36,99,27368,0.00326819,2.273682936,W17_H05
W17,2025-05-19,H06,29,165,28842,0.005174685,1.626815068,W17_H06
W17,2025-05-20,H06,30,152,28690,0.004789815,1.698630137,W17_H06
W17,2025-05-21,H06,31,90,28600,0.002844141,1.754464929,W17_H06
W17,2025-05-22,H06,32,125,28475,0.003965862,1.810299722,W17_H06
W17,2025-05-23,H06,33,65,28410,0.00206651,1.866134514,W17_H06
W17,2025-05-24,H06,34,60,28350,0.001911193,1.921969307,W17_H06
W17,2025-05-25,H06,35,73,28277,0.002330705,1.977804099,W17_H06
W17,2025-05-26,H06,36,38,28239,0.001214717,2.033638892,W17_H06
W17,2025-05-19,H07,29,47,20825,0.002042146,1.691743494,W17_H07
W17,2025-05-20,H07,30,45,20780,0.001959077,1.768486989,W17_H07
W17,2025-05-21,H07,31,54,20726,0.002356432,1.845230483,W17_H07
W17,2025-05-22,H07,32,65,20661,0.002844514,1.921973978,W17_H07
W17,2025-05-23,H07,33,67,20594,0.00294066,1.998717472,W17_H07
W17,2025-05-24,H07,34,88,20506,0.003877335,2.075460967,W17_H07
W17,2025-05-25,H07,35,76,20430,0.003359859,2.152204461,W17_H07
W17,2025-05-26,H07,36,88,20342,0.003905557,2.228947955,W17_H07
W17,2025-05-22,H08,31,59,27897,0.001891389,1.704852081,W17_H08
W17,2025-05-23,H08,32,78,27819,0.002506749,1.806068054,W17_H08
W17,2025-05-24,H08,33,42,27777,0.001351612,1.907284027,W17_H08
W17,2025-05-25,H08,34,67,27710,0.002160802,2.0085,W17_H08
W17,2025-05-26,H08,35,68,27642,0.002197873,1.881388135,W17_H08
W17,2025-05-19,H09,29,37,20835,0.001606949,1.658232159,W17_H09
W17,2025-05-20,H09,30,47,20788,0.002045435,1.741464319,W17_H09
W17,2025-05-21,H09,31,58,20730,0.002530541,1.824696478,W17_H09
W17,2025-05-22,H09,32,55,20675,0.002405423,1.907928638,W17_H09
W17,2025-05-23,H09,33,62,20613,0.00271894,1.991160797,W17_H09
W17,2025-05-24,H09,34,66,20547,0.002902758,2.074392956,W17_H09
W17,2025-05-25,H09,35,82,20465,0.00361951,2.157625116,W17_H09
W17,2025-05-26,H09,36,76,20389,0.00336596,2.240857275,W17_H09
W17,2025-05-22,H10,31,94,27643,0.003040595,1.690441176,W17_H10
W17,2025-05-23,H10,32,110,27533,0.003570849,1.764828431,W17_H10
W17,2025-05-24,H10,33,92,27441,0.002995474,1.839215686,W17_H10
W17,2025-05-25,H10,34,15,27426,0.000488631,1.792027498,W17_H10
W17,2025-05-26,H10,35,10,27416,0.00032586,1.850592357,W17_H10
W17,2025-05-19,H11,29,81,19949,0.003673303,1.670544044,W17_H11
W17,2025-05-20,H11,30,85,19864,0.003869617,1.756088088,W17_H11
W17,2025-05-21,H11,31,103,19761,0.004711156,1.841632132,W17_H11
W17,2025-05-22,H11,32,82,19679,0.003764749,1.927176176,W17_H11
W17,2025-05-23,H11,33,81,19598,0.003732719,2.01272022,W17_H11
W17,2025-05-24,H11,34,78,19520,0.003607437,2.098264264,W17_H11
W17,2025-05-25,H11,35,90,19430,0.004179825,2.183808308,W17_H11
W17,2025-05-26,H11,36,50,19380,0.00232753,2.269352352,W17_H11
W17,2025-05-21,H12,30,77,23668,0.002439102,1.75439048,W17_H12
W17,2025-05-22,H12,31,90,23578,0.002859049,1.84028781,W17_H12
W17,2025-05-23,H12,32,110,23468,0.003506647,1.926185139,W17_H12
W17,2025-05-24,H12,33,117,23351,0.00374376,2.012082469,W17_H12
W17,2025-05-25,H12,34,105,23246,0.003371111,2.097979798,W17_H12
W17,2025-05-26,H12,35,100,23146,0.003220923,2.232596456,W17_H12
W20,2025-05-22,H01,29,55,19798,0.002484192,1.706943014,W20_H01
W20,2025-05-23,H01,30,50,19748,0.002263468,1.783886028,W20_H01
W20,2025-05-24,H01,31,55,19693,0.002496029,1.860829042,W20_H01
W20,2025-05-25,H01,32,57,19636,0.002593503,1.937772056,W20_H01
W20,2025-05-26,H01,33,60,19576,0.002737476,2.01471507,W20_H01
W20,2025-05-22,H02,29,60,27047,0.001983865,1.681927496,W20_H02
W20,2025-05-23,H02,30,55,26992,0.001821856,1.773854992,W20_H02
W20,2025-05-24,H02,31,58,26934,0.001924928,1.865782487,W20_H02
W20,2025-05-25,H02,32,60,26874,0.001995278,1.957709983,W20_H02
W20,2025-05-26,H02,33,65,26809,0.002166233,2.049637479,W20_H02
W20,2025-04-24,H03,1,43,23226,0.001851373,0.048,W20_H03
W20,2025-04-25,H03,2,40,23186,0.001725179,0.073,W20_H03
W20,2025-04-26,H03,3,44,23142,0.001901305,0.098,W20_H03
W20,2025-04-27,H03,4,46,23096,0.001991687,0.123,W20_H03
W20,2025-04-28,H03,5,38,23058,0.001648018,0.148,W20_H03
W20,2025-04-29,H03,6,37,23021,0.001607228,0.173,W20_H03
W20,2025-04-30,H03,7,39,22982,0.00169698,0.198,W20_H03
W20,2025-05-01,H03,8,32,22950,0.001394336,0.242571429,W20_H03
W20,2025-05-02,H03,9,35,22915,0.001527384,0.287142857,W20_H03
W20,2025-05-03,H03,10,35,22880,0.00152972,0.331714286,W20_H03
W20,2025-05-04,H03,11,122,22758,0.005360752,0.376285714,W20_H03
W20,2025-05-05,H03,12,35,22723,0.00154029,0.420857143,W20_H03
W20,2025-05-06,H03,13,36,22687,0.001586812,0.465428571,W20_H03
W20,2025-05-07,H03,14,36,22651,0.001589334,0.51,W20_H03
W20,2025-05-08,H03,15,35,22616,0.001547577,0.580714286,W20_H03
W20,2025-05-09,H03,16,33,22583,0.001461276,0.651428571,W20_H03
W20,2025-05-10,H03,17,35,22548,0.001552244,0.722142857,W20_H03
W20,2025-05-11,H03,18,31,22517,0.001376738,0.792857143,W20_H03
W20,2025-05-12,H03,19,30,22487,0.001334104,0.863571429,W20_H03
W20,2025-05-13,H03,20,28,22459,0.001246716,0.934285714,W20_H03
W20,2025-05-14,H03,21,26,22433,0.001159007,1.005,W20_H03
W20,2025-05-15,H03,22,25,22408,0.001115673,1.08,W20_H03
W20,2025-05-16,H03,23,25,22383,0.001116919,1.155,W20_H03
W20,2025-05-17,H03,24,33,22350,0.00147651,1.23,W20_H03
W20,2025-05-18,H03,25,38,22312,0.001703119,1.305,W20_H03
W20,2025-05-19,H03,26,43,22269,0.001930935,1.38,W20_H03
W20,2025-05-20,H03,27,44,22225,0.001979753,1.455,W20_H03
W20,2025-05-21,H03,28,55,22170,0.00248083,1.53,W20_H03
W20,2025-05-22,H03,29,60,22110,0.002713704,1.662857143,W20_H03
W20,2025-05-23,H03,30,62,22048,0.002812046,1.795714286,W20_H03
W20,2025-05-24,H03,31,33,22015,0.001498978,1.708641881,W20_H03
W20,2025-05-25,H03,32,30,21985,0.001364567,1.769408199,W20_H03
W20,2025-05-26,H03,33,35,21950,0.001594533,1.830174516,W20_H03
W20,2025-05-22,H04,29,70,27164,0.002304451,1.692156863,W20_H04
W20,2025-05-23,H04,30,95,27069,0.003137281,1.784313725,W20_H04
W20,2025-05-24,H04,31,91,26978,0.003014243,1.876470588,W20_H04
W20,2025-05-25,H04,32,100,26878,0.003323363,1.812574836,W20_H04
W20,2025-05-26,H04,33,110,26768,0.003669113,1.875085707,W20_H04
W20,2025-05-22,H05,29,70,19537,0.003203808,1.684111111,W20_H05
W20,2025-05-23,H05,30,80,19457,0.003674951,1.798222222,W20_H05
W20,2025-05-24,H05,31,75,19382,0.003457177,1.896345679,W20_H05
W20,2025-05-25,H05,32,60,19322,0.002773412,1.994469136,W20_H05
W20,2025-05-26,H05,33,65,19257,0.003013584,2.092592593,W20_H05
W20,2025-05-22,H06,29,65,27156,0.002140481,1.684631708,W20_H06
W20,2025-05-23,H06,30,83,27073,0.002740721,1.779263417,W20_H06
W20,2025-05-24,H06,31,86,26987,0.002847871,1.873895125,W20_H06
W20,2025-05-25,H06,32,75,26912,0.002489792,1.968526834,W20_H06
W20,2025-05-26,H06,33,80,26832,0.00266285,2.063158542,W20_H06
W20,2025-05-22,H07,29,63,27334,0.002061181,1.682519989,W20_H07
W20,2025-05-23,H07,30,66,27268,0.002164005,1.765039978,W20_H07
W20,2025-05-24,H07,31,89,27179,0.002926669,1.847559967,W20_H07
W20,2025-05-25,H07,32,90,27089,0.002968338,1.930079956,W20_H07
W20,2025-05-26,H07,33,85,27004,0.002811311,2.012599945,W20_H07
W20,2025-05-21,H08,29,73,22294,0.002454854,1.710794129,W20_H08
W20,2025-05-22,H08,30,50,22244,0.001684239,1.806588258,W20_H08
W20,2025-05-23,H08,31,60,22184,0.00202518,1.902382387,W20_H08
W20,2025-05-24,H08,32,77,22107,0.002605753,1.998176517,W20_H08
W20,2025-05-25,H08,33,88,22019,0.002986898,2.093970646,W20_H08
W20,2025-05-26,H08,34,75,21944,0.002552149,2.189764775,W20_H08
W20,2025-05-22,H09,29,120,25002,0.004291078,1.704117647,W20_H09
W20,2025-05-23,H09,30,130,24872,0.004670379,1.788235294,W20_H09
W20,2025-05-24,H09,31,104,24768,0.003750316,1.9,W20_H09
W20,2025-05-25,H09,32,110,24658,0.003982477,1.971676301,W20_H09
W20,2025-05-26,H09,33,100,24558,0.003633589,2.043352601,W20_H09
W20,2025-05-21,H10,29,75,22230,0.00252934,1.707377696,W20_H10
W20,2025-05-22,H10,30,55,22175,0.001858296,1.804755392,W20_H10
W20,2025-05-23,H10,31,70,22105,0.002370712,1.902133087,W20_H10
W20,2025-05-24,H10,32,85,22020,0.002887032,1.999510783,W20_H10
W20,2025-05-25,H10,33,95,21925,0.003237128,2.096888479,W20_H10
W20,2025-05-26,H10,34,90,21835,0.003076187,2.194266175,W20_H10
W20,2025-05-22,H11,29,150,24936,0.005377308,1.657142857,W20_H11
W20,2025-05-23,H11,30,90,24846,0.003236828,1.714285714,W20_H11
W20,2025-05-24,H11,31,92,24754,0.003319742,1.771428571,W20_H11
W20,2025-05-25,H11,32,80,24674,0.002895089,1.828571429,W20_H11
W20,2025-05-26,H11,33,70,24604,0.002539636,1.885714286,W20_H11
W20,2025-05-21,H12,30,85,21668,0.002940973,1.787688312,W20_H12
W20,2025-05-22,H12,31,60,21608,0.0020803,1.884032468,W20_H12
W20,2025-05-23,H12,32,73,21535,0.002537454,1.980376623,W20_H12
W20,2025-05-24,H12,33,70,21465,0.002439109,2.076720779,W20_H12
W20,2025-05-25,H12,34,80,21385,0.002795346,2.173064935,W20_H12
W20,2025-05-26,H12,35,75,21310,0.002627522,2.269409091,W20_H12
