farm,date,house,age,expected_mortality,expected_stock,expected_mortality_rate,avg_weight,selected,harvest_stock,net_meat,harvest_type
W05,2025-04-29,H02,28,55.0,27911,0.001970549,1.555,1.0,3906,6073.83,SH
W05,2025-04-29,H03,28,51.0,32602,0.001564321,1.555,1.0,4563,7095.465,SH
W05,2025-04-29,H04,28,41.0,27408,0.001495914,1.56,1.0,3836,5984.16,SH
W05,2025-04-29,H05,28,34.0,31242,0.001088279,1.575,1.0,4372,6885.9,SH
W05,2025-04-29,H09,28,36.0,31244,0.001152221,1.58,1.0,4373,6909.34,SH
W05,2025-04-29,H07,28,38.0,30673,0.001238875,1.59,1.0,4293,6825.87,SH
W05,2025-04-29,H01,29,48.0,33271,0.001442698,1.63,1.0,4656,7589.28,SH
W05,2025-04-30,H06,28,44.0,28456,0.001546247,1.56,1.0,3776,5890.56,SH
W05,2025-04-30,H11,28,46.0,28183,0.00163219,1.56,1.0,3740,5834.400000000001,SH
W05,2025-04-30,H12,28,48.0,27848,0.001723643,1.565,1.0,3695,5782.675,SH
W05,2025-04-30,H10,28,55.0,28381,0.001937916,1.57,1.0,3766,5912.62,SH
W05,2025-04-30,H08,28,55.0,28300,0.001943463,1.575,1.0,3755,5914.125,SH
W10,2025-04-30,H09,27,35.0,27725,0.001262399,1.594557823,1.0,3679,5866.378230816999,SH
W10,2025-04-30,H12,27,30.0,28497,0.001052742,1.602285714,1.0,3781,6058.242284634,SH
W10,2025-04-30,H10,27,34.0,28688,0.001185165,1.61,1.0,3807,6129.27,SH
W04,2025-05-02,H12,27,35.0,30283,0.001155764,1.55,1.0,3287,5094.85,SH
W04,2025-05-02,H10,27,35.0,29922,0.001169708,1.562857143,1.0,3247,5074.597143321,SH
W10,2025-05-02,H01,28,16.0,30798,0.000519514,1.615,1.0,3342,5397.33,SH
W10,2025-05-02,H03,28,21.0,30578,0.000686768,1.625,1.0,3319,5393.375,SH
W10,2025-05-02,H07,28,19.0,30695,0.000618993,1.625,1.0,3331,5412.875,SH
W10,2025-05-02,H02,28,18.0,31264,0.000575742,1.63,1.0,3393,5530.589999999999,SH
W10,2025-05-02,H04,28,25.0,31304,0.00079862,1.65,1.0,3397,5605.049999999999,SH
W10,2025-05-02,H05,28,23.0,30631,0.000750873,1.66,1.0,3324,5517.84,SH
W10,2025-05-02,H06,28,20.0,30927,0.000646684,1.68,1.0,3356,5638.08,SH
W04,2025-05-03,H06,27,55.0,27572,0.001994777,1.572972973,1.0,4862,7647.794594726,SH
W04,2025-05-03,H09,28,33.0,29645,0.001113173,1.58,1.0,5228,8260.24,SH
W04,2025-05-03,H08,27,64.0,27261,0.002347676,1.595714286,1.0,4807,7670.598572802,SH
W04,2025-05-03,H04,27,32.0,27136,0.001179245,1.602857143,1.0,4785,7669.6714292550005,SH
W04,2025-05-03,H11,28,34.0,29578,0.001149503,1.61,1.0,5216,8397.76,SH
W04,2025-05-03,H07,28,37.0,29047,0.001273798,1.63,1.0,5102,8316.26,SH
W04,2025-05-05,H01,28,49.0,30705,0.001595831,1.6,1.0,7500,12000.0,SH
W04,2025-05-05,H03,28,40.0,30852,0.001296512,1.62,1.0,7535,12206.7,SH
W04,2025-05-05,H02,28,37.0,29338,0.001261163,1.65,1.0,7166,11823.9,SH
W04,2025-05-05,H05,29,37.0,31926,0.00115893,1.656094103,1.0,7798,12914.221815194,SH
W03,2025-05-06,H06,28,66.0,30660,0.002152642,1.59,1.0,7589,12066.51,SH
W03,2025-05-06,H08,28,31.0,31101,0.000996753,1.6,1.0,7698,12316.800000000001,SH
W03,2025-05-06,H10,28,52.0,29724,0.001749428,1.605,1.0,7357,11807.985,SH
W03,2025-05-06,H12,28,82.0,29718,0.00275927,1.61,1.0,7355,11841.550000000001,SH
W08,2025-05-09,H08,27,29.0,28556,0.001015548,1.551020408,1.0,2442,3787.591836336,SH
W03,2025-05-09,H09,29,125.0,29750,0.004201681,1.573643411,1.0,2544,4003.3488375839997,SH
W08,2025-05-09,H05,28,28.0,29073,0.000963093,1.575,1.0,2486,3915.45,SH
W08,2025-05-09,H04,28,24.0,28958,0.000828787,1.58,1.0,2476,3912.0800000000004,SH
W08,2025-05-09,H02,28,25.0,28951,0.000863528,1.6,1.0,2475,3960.0,SH
W08,2025-05-09,H06,28,25.0,28975,0.000862813,1.6,1.0,2477,3963.2000000000003,SH
W08,2025-05-09,H01,28,23.0,29133,0.000789483,1.61,1.0,2491,4010.51,SH
W03,2025-05-09,H07,29,43.0,28158,0.001527097,1.648501638,1.0,2408,3969.5919443039998,SH
W03,2025-05-09,H05,29,46.0,29099,0.00158081,1.649473684,1.0,2488,4103.890525792,SH
W03,2025-05-09,H03,30,47.0,30216,0.001555467,1.677142857,1.0,2584,4333.737142488,SH
W03,2025-05-09,H04,30,35.0,30101,0.001162752,1.684005587,1.0,2574,4334.630380938,SH
W03,2025-05-09,H02,30,44.0,29832,0.001474926,1.691397849,1.0,2551,4314.755912799,SH
W08,2025-05-10,H09,28,35.0,31110,0.00112504,1.55,1.0,7832,12139.6,SH
W03,2025-05-10,H11,30,150.0,29636,0.005061412,1.614183511,1.0,7461,12043.423175571,SH
W08,2025-05-10,H10,28,40.0,28893,0.001384418,1.62,1.0,7274,11783.880000000001,SH
W08,2025-05-10,H03,29,27.0,29524,0.00091451,1.656375839,1.0,7433,12311.841611287,SH
W12,2025-05-12,H08,28,46.0,29474,0.001560698,1.59,1.0,4331,6886.29,SH
W12,2025-05-12,H10,28,51.0,28871,0.001766478,1.59,1.0,4242,6744.780000000001,SH
W12,2025-05-12,H12,28,32.0,28757,0.001112773,1.615,1.0,4226,6824.99,SH
W12,2025-05-12,H06,28,32.0,29580,0.001081812,1.625,1.0,4347,7063.875,SH
W08,2025-05-12,H07,29,45.0,28354,0.001587078,1.652054795,1.0,4166,6882.46027597,SH
W08,2025-05-12,H11,29,45.0,29932,0.001503408,1.678666036,1.0,4398,7382.773226328,SH
W08,2025-05-12,H12,29,35.0,29181,0.001199411,1.694601388,1.0,4288,7266.450751744,SH
W12,2025-05-13,H03,28,30.0,29525,0.001016088,1.585,1.0,7291,11556.235,SH
W12,2025-05-13,H02,28,152.0,30700,0.00495114,1.595,1.0,7582,12093.289999999999,SH
W12,2025-05-13,H04,29,33.0,31009,0.001064207,1.624888166,1.0,7658,12443.393575228001,SH
W12,2025-05-13,H01,28,27.0,30269,0.000892002,1.625,1.0,7469,12137.125,SH
W13,2025-05-16,H04,28,25.0,30918,0.00080859,1.55,1.0,3549,5500.95,SH
W13,2025-05-16,H12,30,26.0,29931,0.000868665,1.58036036,1.0,3436,5430.11819696,SH
W13,2025-05-16,H09,29,218.0,28121,0.007752214,1.584492754,1.0,3228,5114.742609912,SH
W13,2025-05-16,H07,29,98.0,28709,0.003413564,1.655737705,1.0,3295,5455.655737975,SH
W13,2025-05-16,H03,29,71.0,28689,0.002474816,1.66615942,1.0,3293,5486.662970060001,SH
W13,2025-05-16,H05,29,63.0,28752,0.002191152,1.677101449,1.0,3300,5534.4347817,SH
W13,2025-05-16,H06,29,26.0,28695,0.000906081,1.681632653,1.0,3294,5539.297958982001,SH
W13,2025-05-16,H08,29,26.0,28730,0.000904977,1.689795918,1.0,3298,5572.946937564,SH
W13,2025-05-16,H01,29,42.0,28804,0.001458131,1.690945946,1.0,3306,5590.267297476,SH
W17,2025-05-18,H03,28,22.0,31698,0.00069405,1.55,1.0,3010,4665.5,SH
W17,2025-05-18,H01,28,47.0,31665,0.001484289,1.555,1.0,3007,4675.885,SH
W17,2025-05-18,H06,28,120.0,32051,0.003744033,1.555,1.0,3044,4733.42,SH
W17,2025-05-18,H09,28,37.0,23062,0.001604371,1.575,1.0,2190,3449.25,SH
W17,2025-05-18,H05,28,29.0,30789,0.000941895,1.585,1.0,2924,4634.54,SH
W17,2025-05-18,H11,28,60.0,22132,0.002711007,1.585,1.0,2102,3331.67,SH
W13,2025-05-18,H02,30,75.0,31331,0.002393795,1.58630137,1.0,2975,4719.2465757499995,SH
W17,2025-05-18,H07,28,35.0,23062,0.001517648,1.615,1.0,2190,3536.85,SH
W17,2025-05-18,H02,29,38.0,30189,0.001258737,1.62110122,1.0,2867,4647.69719774,SH
W12,2025-05-18,H07,32,210.0,29806,0.007045561,1.625846154,1.0,2830,4601.14461582,SH
W17,2025-05-18,H04,29,76.0,30088,0.002525924,1.633527397,1.0,2857,4666.987773229,SH
W20,2025-05-20,H10,28,70.0,29727,0.002354762,1.61,1.0,7422,11949.42,SH
W20,2025-05-20,H08,28,70.0,29810,0.002348205,1.615,1.0,7443,12020.445,SH
W17,2025-05-20,H12,29,49.0,31646,0.001548379,1.668493151,1.0,7901,13182.764386051,SH
W20,2025-05-20,H12,29,80.0,28987,0.002759858,1.691344156,1.0,7234,12235.183624504,SH
W20,2025-05-21,H05,28,135.0,21919,0.00615904,1.57,1.0,2312,3629.84,SH
W20,2025-05-21,H02,28,54.0,30304,0.001781943,1.59,1.0,3197,5083.2300000000005,SH
W20,2025-05-21,H06,28,45.0,30432,0.001478707,1.59,1.0,3211,5105.490000000001,SH
W20,2025-05-21,H04,28,60.0,30446,0.001970702,1.6,1.0,3212,5139.200000000001,SH
W20,2025-05-21,H07,28,48.0,30628,0.001567193,1.6,1.0,3231,5169.6,SH
W20,2025-05-21,H11,28,100.0,28045,0.003565698,1.6,1.0,2959,4734.400000000001,SH
W17,2025-05-21,H08,30,55.0,31253,0.001759831,1.603636108,1.0,3297,5287.188248076,SH
W17,2025-05-21,H10,30,110.0,31009,0.003547357,1.616053922,1.0,3272,5287.728432784001,SH
W20,2025-05-21,H09,28,110.0,28085,0.003916682,1.62,1.0,2963,4800.06,SH
W20,2025-05-21,H01,28,47.0,22195,0.002117594,1.63,1.0,2342,3817.4599999999996,SH
