farm,date,house,age,expected_mortality,expected_stock,expected_mortality_rate,avg_weight,farm_house_key,ready_Market,unharvested_reason
W03,2025-05-11,H01,33,28,1013,0.000907412,1.928684061,W03_H01,1.0,Exceeded Capacity & not optimal Average Weight
W03,2025-05-12,H01,34,29,1012,0.000940703,2.012224939,W03_H01,1.0,Exceeded Capacity & not optimal Average Weight
W03,2025-05-13,H01,35,27,1011,0.000876595,2.121476637,W03_H01,1.0,Exceeded Capacity & not optimal Average Weight
W03,2025-05-15,H01,37,135,1005,0.004410035,2.135307034,W03_H01,1.0,Exceeded Capacity & not optimal Average Weight
W03,2025-05-17,H09,37,130,23261,0.004440497,1.965421315,W03_H09,1.0,Exceeded Capacity & not optimal Average Weight
W03,2025-05-18,H09,38,73,23202,0.002499743,2.02256791,W03_H09,1.0,Exceeded Capacity & not optimal Average Weight
W03,2025-05-15,H11,35,400,20969,0.014255676,1.94980695,W03_H11,1.0,Exceeded Capacity & not optimal Average Weight
W03,2025-05-17,H11,37,177,20752,0.006373555,2.002240189,W03_H11,1.0,Exceeded Capacity & not optimal Average Weight
W03,2025-05-18,H11,38,70,20700,0.002526985,2.060883863,W03_H11,1.0,Exceeded Capacity & not optimal Average Weight
W04,2025-05-07,H07,32,48,11631,0.001662223,1.944417344,W04_H07,1.0,Exceeded Capacity & not optimal Average Weight
W04,2025-05-08,H07,33,40,11599,0.001387107,2.02302168,W04_H07,1.0,Exceeded Capacity & not optimal Average Weight
W04,2025-05-10,H07,35,46,11531,0.001599944,2.174903723,W04_H07,1.0,Exceeded Capacity & not optimal Average Weight
W04,2025-05-07,H08,31,68,19675,0.002519078,1.917893556,W04_H08,1.0,Exceeded Capacity & not optimal Average Weight
W04,2025-05-08,H08,32,50,19638,0.001855701,1.993858075,W04_H08,1.0,Exceeded Capacity & not optimal Average Weight
W04,2025-05-10,H08,34,40,19587,0.001488427,2.145787113,W04_H08,1.0,Exceeded Capacity & not optimal Average Weight
W04,2025-05-07,H09,32,40,23560,0.001356116,1.932070431,W04_H09,1.0,Exceeded Capacity & not optimal Average Weight
W04,2025-05-08,H09,33,36,23531,0.001221996,2.008075889,W04_H09,1.0,Exceeded Capacity & not optimal Average Weight
W04,2025-05-10,H09,35,36,23479,0.001224698,2.160086807,W04_H09,1.0,Exceeded Capacity & not optimal Average Weight
W04,2025-05-07,H10,32,35,23792,0.001175878,1.977956298,W04_H10,1.0,Exceeded Capacity & not optimal Average Weight
W04,2025-05-08,H10,33,32,23766,0.001076245,2.059945373,W04_H10,1.0,Exceeded Capacity & not optimal Average Weight
W04,2025-05-07,H11,32,39,21620,0.001325313,1.938257124,W04_H11,1.0,Exceeded Capacity & not optimal Average Weight
W04,2025-05-08,H11,33,35,21594,0.0011908,2.020321405,W04_H11,1.0,Exceeded Capacity & not optimal Average Weight
W05,2025-05-06,H11,34,46,23790,0.001650876,1.95671719,W05_H11,1.0,Exceeded Capacity & not optimal Average Weight
W05,2025-05-07,H11,35,55,23743,0.001977777,2.022836722,W05_H11,1.0,Exceeded Capacity & not optimal Average Weight
W05,2025-05-08,H11,36,88,23668,0.003174489,2.088956254,W05_H11,1.0,Exceeded Capacity & not optimal Average Weight
W08,2025-05-13,H03,32,10,10051,0.000339363,1.930201342,W08_H03,1.0,Exceeded Capacity & not optimal Average Weight
W08,2025-05-14,H03,33,40,10019,0.001359296,2.02147651,W08_H03,1.0,Exceeded Capacity & not optimal Average Weight
W08,2025-05-15,H03,34,44,9984,0.001497465,2.112751678,W08_H03,1.0,Exceeded Capacity & not optimal Average Weight
W08,2025-05-13,H04,32,15,22881,0.000519805,1.914193141,W08_H04,1.0,Exceeded Capacity & not optimal Average Weight
W08,2025-05-14,H04,33,80,22817,0.002779998,1.993698962,W08_H04,1.0,Exceeded Capacity & not optimal Average Weight
W08,2025-05-15,H04,34,70,22762,0.00243843,2.073204784,W08_H04,1.0,Exceeded Capacity & not optimal Average Weight
W08,2025-05-13,H05,32,20,22963,0.000690846,1.910613011,W08_H05,1.0,Exceeded Capacity & not optimal Average Weight
W08,2025-05-14,H05,33,30,22939,0.001037344,1.990567404,W08_H05,1.0,Exceeded Capacity & not optimal Average Weight
W08,2025-05-15,H05,34,110,22852,0.003818119,2.070521797,W08_H05,1.0,Exceeded Capacity & not optimal Average Weight
W10,2025-05-05,H01,31,13,19426,0.000422737,1.904539548,W10_H01,1.0,Exceeded Capacity & not optimal Average Weight
W10,2025-05-06,H01,32,15,19414,0.000488011,2.00105273,W10_H01,1.0,Exceeded Capacity & not optimal Average Weight
W10,2025-05-07,H01,33,25,19392,0.000814014,2.097565913,W10_H01,1.0,Exceeded Capacity & not optimal Average Weight
W10,2025-05-06,H02,32,22,26845,0.000705694,1.96372776,W10_H02,1.0,Exceeded Capacity & not optimal Average Weight
W10,2025-05-07,H02,33,53,26800,0.001702975,2.0471597,W10_H02,1.0,Exceeded Capacity & not optimal Average Weight
W10,2025-05-08,H02,34,57,26750,0.001834862,1.995955797,W10_H02,1.0,Exceeded Capacity & not optimal Average Weight
W10,2025-05-10,H02,36,0,26750,0.0,2.125007299,W10_H02,1.0,Exceeded Capacity & not optimal Average Weight
W10,2025-05-05,H03,31,17,26237,0.000557012,1.902033396,W10_H03,1.0,Exceeded Capacity & not optimal Average Weight
W10,2025-05-06,H03,32,18,26222,0.000590125,1.994377862,W10_H03,1.0,Exceeded Capacity & not optimal Average Weight
W10,2025-05-07,H03,33,28,26198,0.000918816,2.086722327,W10_H03,1.0,Exceeded Capacity & not optimal Average Weight
W10,2025-05-05,H04,31,27,26901,0.00086436,1.903465662,W10_H04,1.0,Exceeded Capacity & not optimal Average Weight
W10,2025-05-06,H04,32,25,26880,0.000800974,1.987954216,W10_H04,1.0,Exceeded Capacity & not optimal Average Weight
W10,2025-05-07,H04,33,62,26826,0.001990369,2.07244277,W10_H04,1.0,Exceeded Capacity & not optimal Average Weight
W10,2025-05-08,H04,34,68,26768,0.002187761,2.015552156,W10_H04,1.0,Exceeded Capacity & not optimal Average Weight
W10,2025-05-10,H04,36,14,26755,0.000450624,2.14620956,W10_H04,1.0,Exceeded Capacity & not optimal Average Weight
W12,2025-05-17,H06,33,204,3328,0.006998765,2.04948946,W12_H06,1.0,Exceeded Capacity & not optimal Average Weight
W12,2025-05-18,H06,34,240,3136,0.0083022,2.134387352,W12_H06,1.0,Exceeded Capacity & not optimal Average Weight
W12,2025-05-24,H07,38,5,22911,0.000169676,1.954243734,W12_H07,1.0,Exceeded Capacity & not optimal Average Weight
W12,2025-05-25,H07,39,5,22908,0.000169704,2.008976664,W12_H07,1.0,Exceeded Capacity & not optimal Average Weight
W12,2025-05-26,H07,40,0,22908,0.0,2.063709594,W12_H07,1.0,Exceeded Capacity & not optimal Average Weight
W12,2025-05-17,H12,33,42,22637,0.001471,2.048334668,W12_H12,1.0,Exceeded Capacity & not optimal Average Weight
W12,2025-05-18,H12,34,95,22562,0.00333837,2.135001602,W12_H12,1.0,Exceeded Capacity & not optimal Average Weight
W13,2025-05-20,H12,34,140,22128,0.00472957,1.952037152,W13_H12,1.0,Exceeded Capacity & not optimal Average Weight
W13,2025-05-21,H12,35,119,22039,0.004036361,2.039202689,W13_H12,1.0,Exceeded Capacity & not optimal Average Weight
W13,2025-05-22,H12,36,133,21939,0.004531671,2.126368226,W13_H12,1.0,Exceeded Capacity & not optimal Average Weight
W17,2025-05-21,H03,31,66,23980,0.002091255,1.925251338,W17_H03,1.0,Exceeded Capacity & not optimal Average Weight
W17,2025-05-22,H03,32,55,23938,0.001745755,2.031712623,W17_H03,1.0,Exceeded Capacity & not optimal Average Weight
W17,2025-05-22,H04,33,160,22139,0.005465227,1.944510162,W17_H04,1.0,Exceeded Capacity & not optimal Average Weight
W17,2025-05-24,H04,35,145,21950,0.004995521,2.07281374,W17_H04,1.0,Exceeded Capacity & not optimal Average Weight
W17,2025-05-25,H04,36,71,21896,0.002452081,2.136965529,W17_H04,1.0,Exceeded Capacity & not optimal Average Weight
W17,2025-05-24,H06,34,60,25281,0.001911193,1.921969307,W17_H06,1.0,Exceeded Capacity & not optimal Average Weight
W17,2025-05-25,H06,35,73,25222,0.002330705,1.977804099,W17_H06,1.0,Exceeded Capacity & not optimal Average Weight
W17,2025-05-26,H06,36,38,25192,0.001214717,2.033638892,W17_H06,1.0,Exceeded Capacity & not optimal Average Weight
W17,2025-05-22,H07,32,65,17322,0.002844514,1.921973978,W17_H07,1.0,Exceeded Capacity & not optimal Average Weight
W17,2025-05-24,H07,34,88,17204,0.003877335,2.075460967,W17_H07,1.0,Exceeded Capacity & not optimal Average Weight
W17,2025-05-25,H07,35,76,17147,0.003359859,2.152204461,W17_H07,1.0,Exceeded Capacity & not optimal Average Weight
W17,2025-05-24,H08,33,42,27992,0.001351612,1.907284027,W17_H08,1.0,Exceeded Capacity & not optimal Average Weight
W17,2025-05-25,H08,34,67,27932,0.002160802,2.0085,W17_H08,1.0,Exceeded Capacity & not optimal Average Weight
W17,2025-05-24,H12,33,117,25161,0.00374376,2.012082469,W17_H12,1.0,Exceeded Capacity & not optimal Average Weight
W17,2025-05-25,H12,34,105,25076,0.003371111,2.097979798,W17_H12,1.0,Exceeded Capacity & not optimal Average Weight
W20,2025-05-25,H01,32,57,19224,0.002593503,1.937772056,W20_H01,1.0,Exceeded Capacity & not optimal Average Weight
W20,2025-05-26,H01,33,60,19171,0.002737476,2.01471507,W20_H01,1.0,Exceeded Capacity & not optimal Average Weight
W20,2025-05-25,H02,32,60,27028,0.001995278,1.957709983,W20_H02,1.0,Exceeded Capacity & not optimal Average Weight
W20,2025-05-26,H02,33,65,26970,0.002166233,2.049637479,W20_H02,1.0,Exceeded Capacity & not optimal Average Weight
W20,2025-05-25,H05,32,60,11875,0.002773412,1.994469136,W20_H05,1.0,Exceeded Capacity & not optimal Average Weight
W20,2025-05-26,H05,33,65,11818,0.003013584,2.092592593,W20_H05,1.0,Exceeded Capacity & not optimal Average Weight
W20,2025-05-25,H06,32,75,27083,0.002489792,1.968526834,W20_H06,1.0,Exceeded Capacity & not optimal Average Weight
W20,2025-05-26,H06,33,80,27011,0.00266285,2.063158542,W20_H06,1.0,Exceeded Capacity & not optimal Average Weight
W20,2025-05-25,H07,32,90,27273,0.002968338,1.930079956,W20_H07,1.0,Exceeded Capacity & not optimal Average Weight
W20,2025-05-26,H07,33,85,27197,0.002811311,2.012599945,W20_H07,1.0,Exceeded Capacity & not optimal Average Weight
W20,2025-05-24,H09,31,104,24779,0.003750316,1.9,W20_H09,1.0,Exceeded Capacity & not optimal Average Weight
W20,2025-05-25,H09,32,110,24681,0.003982477,1.971676301,W20_H09,1.0,Exceeded Capacity & not optimal Average Weight
W20,2025-05-26,H09,33,100,24591,0.003633589,2.043352601,W20_H09,1.0,Exceeded Capacity & not optimal Average Weight
W17,2025-05-19 00:00:00,H10,28,75,31200,0.002403846,1.455,W17H10,,Did not meet Minimum Average Weight Constraint
W17,2025-05-20 00:00:00,H10,29,81,31119,0.002602911,1.541666667,W17H10,,Did not meet Minimum Average Weight Constraint
W17,2025-05-21 00:00:00,H10,30,110,31009,0.003547357,1.616053922,W17H10,,Did not meet Minimum Average Weight Constraint
W17,2025-05-22 00:00:00,H10,31,94,30915,0.003040595,1.690441176,W17H10,,Did not meet Minimum Average Weight Constraint
W17,2025-05-23 00:00:00,H10,32,110,30805,0.003570849,1.764828431,W17H10,,Did not meet Minimum Average Weight Constraint
W17,2025-05-24 00:00:00,H10,33,92,30713,0.002995474,1.839215686,W17H10,,Did not meet Minimum Average Weight Constraint
W17,2025-05-25 00:00:00,H10,34,15,30698,0.000488631,1.792027498,W17H10,,Did not meet Minimum Average Weight Constraint
W17,2025-05-26 00:00:00,H10,35,10,30688,0.00032586,1.850592357,W17H10,,Did not meet Minimum Average Weight Constraint
W20,2025-05-21 00:00:00,H03,28,55,22170,0.00248083,1.53,W20H03,,Did not meet Minimum Average Weight Constraint
W20,2025-05-22 00:00:00,H03,29,60,22110,0.002713704,1.662857143,W20H03,,Did not meet Minimum Average Weight Constraint
W20,2025-05-23 00:00:00,H03,30,62,22048,0.002812046,1.795714286,W20H03,,Did not meet Minimum Average Weight Constraint
W20,2025-05-24 00:00:00,H03,31,33,22015,0.001498978,1.708641881,W20H03,,Did not meet Minimum Average Weight Constraint
W20,2025-05-25 00:00:00,H03,32,30,21985,0.001364567,1.769408199,W20H03,,Did not meet Minimum Average Weight Constraint
W20,2025-05-26 00:00:00,H03,33,35,21950,0.001594533,1.830174516,W20H03,,Did not meet Minimum Average Weight Constraint
W20,2025-05-21 00:00:00,H04,28,60,30446,0.001970702,1.6,W20H04,,Did not meet Minimum Average Weight Constraint
W20,2025-05-22 00:00:00,H04,29,70,30376,0.002304451,1.692156863,W20H04,,Did not meet Minimum Average Weight Constraint
W20,2025-05-23 00:00:00,H04,30,95,30281,0.003137281,1.784313725,W20H04,,Did not meet Minimum Average Weight Constraint
W20,2025-05-24 00:00:00,H04,31,91,30190,0.003014243,1.876470588,W20H04,,Did not meet Minimum Average Weight Constraint
W20,2025-05-25 00:00:00,H04,32,100,30090,0.003323363,1.812574836,W20H04,,Did not meet Minimum Average Weight Constraint
W20,2025-05-26 00:00:00,H04,33,110,29980,0.003669113,1.875085707,W20H04,,Did not meet Minimum Average Weight Constraint
W20,2025-05-21 00:00:00,H11,28,100,28045,0.003565698,1.6,W20H11,,Did not meet Minimum Average Weight Constraint
W20,2025-05-22 00:00:00,H11,29,150,27895,0.005377308,1.657142857,W20H11,,Did not meet Minimum Average Weight Constraint
W20,2025-05-23 00:00:00,H11,30,90,27805,0.003236828,1.714285714,W20H11,,Did not meet Minimum Average Weight Constraint
W20,2025-05-24 00:00:00,H11,31,92,27713,0.003319742,1.771428571,W20H11,,Did not meet Minimum Average Weight Constraint
W20,2025-05-25 00:00:00,H11,32,80,27633,0.002895089,1.828571429,W20H11,,Did not meet Minimum Average Weight Constraint
W20,2025-05-26 00:00:00,H11,33,70,27563,0.002539636,1.885714286,W20H11,,Did not meet Minimum Average Weight Constraint
